-- ============================================================
-- Database Backup: company_system
-- Exported: 2026-05-20T06:09:51.810Z
-- ============================================================
SET client_encoding = 'UTF8';

-- ===== COMPANIES =====
INSERT INTO "companies" ("company_id","companies_name","status","created_by","created_at","owner_id","card_color") VALUES (1,'UDM Company','Active',NULL,'2026-02-20T12:48:41.780Z',NULL,'#1a3a6b') ON CONFLICT DO NOTHING;
INSERT INTO "companies" ("company_id","companies_name","status","created_by","created_at","owner_id","card_color") VALUES (2,'Demo Company','Active',NULL,'2026-02-20T14:01:01.647Z',NULL,'#1a3a6b') ON CONFLICT DO NOTHING;
INSERT INTO "companies" ("company_id","companies_name","status","created_by","created_at","owner_id","card_color") VALUES (7,'ATT','Active',9,'2026-05-08T03:40:17.998Z',NULL,'#1a3a6b') ON CONFLICT DO NOTHING;
INSERT INTO "companies" ("company_id","companies_name","status","created_by","created_at","owner_id","card_color") VALUES (8,'PGS','Active',9,'2026-05-08T03:45:30.268Z',49,'#1a3a6b') ON CONFLICT DO NOTHING;
INSERT INTO "companies" ("company_id","companies_name","status","created_by","created_at","owner_id","card_color") VALUES (9,'att','Active',9,'2026-05-08T08:14:30.593Z',73,'#1a3a6b') ON CONFLICT DO NOTHING;
INSERT INTO "companies" ("company_id","companies_name","status","created_by","created_at","owner_id","card_color") VALUES (10,'SVK','Active',9,'2026-05-08T09:08:58.267Z',132,'#1a3a6b') ON CONFLICT DO NOTHING;
INSERT INTO "companies" ("company_id","companies_name","status","created_by","created_at","owner_id","card_color") VALUES (11,'abc','Active',9,'2026-05-18T04:00:43.566Z',NULL,'#7f1d1d') ON CONFLICT DO NOTHING;
INSERT INTO "companies" ("company_id","companies_name","status","created_by","created_at","owner_id","card_color") VALUES (12,'JOJO','Active',9,'2026-05-18T09:41:00.328Z',NULL,'#1a3a6b') ON CONFLICT DO NOTHING;
-- (8 rows)

-- ===== USERS =====
INSERT INTO "users" ("user_id","fullname","email","password_hash","role_id","status","created_by","created_at") VALUES (7,'Admin','admin@gmail.com','$2b$10$w3oPCF/eXtu.zXKNLV5GDeXs1lkPCL27udE2wqXADrWYWV/OG4UYe',2,'active',NULL,'2026-02-16T09:22:54.141Z') ON CONFLICT DO NOTHING;
INSERT INTO "users" ("user_id","fullname","email","password_hash","role_id","status","created_by","created_at") VALUES (9,'Admin','admin@mail.com','$2b$10$OSeDJPBYDWMCHCY.hxDGAeqZRiegR0FVbFZawWkgBIpPMeZvcCbCK',4,NULL,NULL,'2026-02-20T14:07:40.422Z') ON CONFLICT DO NOTHING;
INSERT INTO "users" ("user_id","fullname","email","password_hash","role_id","status","created_by","created_at") VALUES (10,'Company Admin','company@gmail.com','$2b$10$q8/RJ4QXMvuCqEYbokckYO8XyKl0pmlEcDa7rrkUdT5PcdgEwBzke',5,'active',NULL,'2026-05-08T03:22:05.793Z') ON CONFLICT DO NOTHING;
INSERT INTO "users" ("user_id","fullname","email","password_hash","role_id","status","created_by","created_at") VALUES (11,'Aliong','Aliong@gmail.com','$2b$10$/TdleAZu/5W4cd/LrCqpIef03426Y3ZK/R0hlZKnVyDqaf1qjSXJi',5,NULL,NULL,'2026-05-09T16:06:51.120Z') ON CONFLICT DO NOTHING;
INSERT INTO "users" ("user_id","fullname","email","password_hash","role_id","status","created_by","created_at") VALUES (12,'joey','joey@gmail.com','$2b$10$dhPA94ANzkx72lQ37dCReeCQdlOyAzliyu.exObl/k7GXZCwqMONO',5,NULL,NULL,'2026-05-11T11:53:19.635Z') ON CONFLICT DO NOTHING;
INSERT INTO "users" ("user_id","fullname","email","password_hash","role_id","status","created_by","created_at") VALUES (13,'mesay chtmly','mesay@gmail.com','$2b$10$h3HYwrPOWYo6BryG5mc6peINfGxeKftRvAGuPiqAUGHbtkm9CSG5W',2,NULL,NULL,'2026-05-18T09:30:31.256Z') ON CONFLICT DO NOTHING;
INSERT INTO "users" ("user_id","fullname","email","password_hash","role_id","status","created_by","created_at") VALUES (14,'Joeyy','Jojo@gmail.com','$2b$10$oPuAKXlvIX4K117oUuYkjO3ZHGoJY.JcpUlqxN9hppaifPhtdHZOa',5,NULL,NULL,'2026-05-18T09:39:59.885Z') ON CONFLICT DO NOTHING;
-- (7 rows)

-- ===== USER_COMPANIES =====
INSERT INTO "user_companies" ("id","user_id","company_id","assigned_at") VALUES (5,10,1,'2026-05-08T03:22:05.801Z') ON CONFLICT DO NOTHING;
INSERT INTO "user_companies" ("id","user_id","company_id","assigned_at") VALUES (6,10,2,'2026-05-08T03:22:05.801Z') ON CONFLICT DO NOTHING;
INSERT INTO "user_companies" ("id","user_id","company_id","assigned_at") VALUES (10,11,10,'2026-05-11T11:54:47.771Z') ON CONFLICT DO NOTHING;
INSERT INTO "user_companies" ("id","user_id","company_id","assigned_at") VALUES (11,12,12,'2026-05-18T09:41:03.451Z') ON CONFLICT DO NOTHING;
-- (4 rows)

-- ===== EMPLOYEES =====
INSERT INTO "employees" ("employee_id","employee_code","company_id","firstname","lastname","gender","date_of_birth","nationality","contact_no","position","status","resigned_reason","hired_at","resigned_at","deleted_at","created_at","updated_at","fullname","email","notes","photo","room_no","office_building","province","dormitory","village","district","employee_type","room_id") VALUES (21,'UDM001',1,'John','Smith','Male','1983-08-30T17:00:00.000Z','Lao','02061484911','Programmer','Active',NULL,'2019-02-19T17:00:00.000Z',NULL,NULL,'2026-02-20T12:50:18.028Z','2026-05-15T03:48:40.170Z',NULL,'john.smith@udm.com','ເຄີຍຮ່ວມໂຄງການໃຫຍ່',NULL,NULL,NULL,'Champasak',NULL,'Ban Namphou','Sangthong','Intern',NULL) ON CONFLICT DO NOTHING;
INSERT INTO "employees" ("employee_id","employee_code","company_id","firstname","lastname","gender","date_of_birth","nationality","contact_no","position","status","resigned_reason","hired_at","resigned_at","deleted_at","created_at","updated_at","fullname","email","notes","photo","room_no","office_building","province","dormitory","village","district","employee_type","room_id") VALUES (22,'UDM002',1,'Michael','Johnson','Male','1997-10-16T17:00:00.000Z','Vietnamese','02056870811','HR Manager','Resigned','ໄປສຶກສາຕໍ່ຕ່າງປະເທດ','2023-10-13T17:00:00.000Z','2025-01-31T17:00:00.000Z',NULL,'2026-02-20T12:50:18.028Z','2026-05-15T03:48:40.178Z',NULL,'michael.johnson@udm.com','ເຮັດວຽກໄດ້ດີ ໂດຍສະເພາະດ້ານ Finance',NULL,NULL,NULL,'Phongsaly',NULL,'Ban Thatkhao','Chanthabouly','Full-time',NULL) ON CONFLICT DO NOTHING;
INSERT INTO "employees" ("employee_id","employee_code","company_id","firstname","lastname","gender","date_of_birth","nationality","contact_no","position","status","resigned_reason","hired_at","resigned_at","deleted_at","created_at","updated_at","fullname","email","notes","photo","room_no","office_building","province","dormitory","village","district","employee_type","room_id") VALUES (23,'UDM003',1,'David','Brown','Male','1998-06-29T17:00:00.000Z','Chinese','02060744745','Admin Officer','Active',NULL,'2022-03-26T17:00:00.000Z',NULL,NULL,'2026-02-20T12:50:18.028Z','2026-05-15T03:48:40.179Z',NULL,'david.brown@udm.com','ຈັດການໄດ້ດີ, ເຊື່ອຖືໄດ້',NULL,NULL,NULL,'Huaphan',NULL,'Ban Phonthan','Sikhottabong','Contract',NULL) ON CONFLICT DO NOTHING;
INSERT INTO "employees" ("employee_id","employee_code","company_id","firstname","lastname","gender","date_of_birth","nationality","contact_no","position","status","resigned_reason","hired_at","resigned_at","deleted_at","created_at","updated_at","fullname","email","notes","photo","room_no","office_building","province","dormitory","village","district","employee_type","room_id") VALUES (24,'UDM004',1,'James','Williams','Male','1999-08-14T17:00:00.000Z','Chinese','02066900132','Procurement Officer','Active',NULL,'2022-04-02T17:00:00.000Z',NULL,NULL,'2026-02-20T12:50:18.028Z','2026-05-15T03:48:40.179Z',NULL,'james.williams@udm.com','ຂຽນ code ໄດ້ຫຼາຍພາສາ',NULL,NULL,NULL,'Phongsaly',NULL,'Ban Nontha','Hadxayfong','Intern',NULL) ON CONFLICT DO NOTHING;
INSERT INTO "employees" ("employee_id","employee_code","company_id","firstname","lastname","gender","date_of_birth","nationality","contact_no","position","status","resigned_reason","hired_at","resigned_at","deleted_at","created_at","updated_at","fullname","email","notes","photo","room_no","office_building","province","dormitory","village","district","employee_type","room_id") VALUES (25,'UDM005',1,'Robert','Jones','Male','2002-08-24T17:00:00.000Z','Lao','02084752462','Logistics Officer','Active',NULL,'2022-09-27T17:00:00.000Z',NULL,NULL,'2026-02-20T12:50:18.028Z','2026-05-15T03:48:40.180Z',NULL,'robert.jones@udm.com','ພະນັກງານໃໝ່, ມີທ່າທາງດີ',NULL,NULL,NULL,'Huaphan',NULL,'Ban Nongbone','Naxaithong','Intern',NULL) ON CONFLICT DO NOTHING;
INSERT INTO "employees" ("employee_id","employee_code","company_id","firstname","lastname","gender","date_of_birth","nationality","contact_no","position","status","resigned_reason","hired_at","resigned_at","deleted_at","created_at","updated_at","fullname","email","notes","photo","room_no","office_building","province","dormitory","village","district","employee_type","room_id") VALUES (26,'UDM006',1,'Daniel','Garcia','Male','2002-07-17T17:00:00.000Z','Lao','02074044299','Project Manager','Resigned','ສັນຍາໝົດ, ບໍ່ຕໍ່','2018-02-17T17:00:00.000Z','2021-10-20T17:00:00.000Z',NULL,'2026-02-20T12:50:18.028Z','2026-05-15T03:48:40.181Z',NULL,'daniel.garcia@udm.com','ຂຽນ code ໄດ້ຫຼາຍພາສາ',NULL,NULL,NULL,'Xiengkhouang',NULL,'Ban Phonxai','Vangvieng','Full-time',NULL) ON CONFLICT DO NOTHING;
INSERT INTO "employees" ("employee_id","employee_code","company_id","firstname","lastname","gender","date_of_birth","nationality","contact_no","position","status","resigned_reason","hired_at","resigned_at","deleted_at","created_at","updated_at","fullname","email","notes","photo","room_no","office_building","province","dormitory","village","district","employee_type","room_id") VALUES (27,'UDM007',1,'William','Miller','Male','2001-02-27T17:00:00.000Z','Lao','02064914995','Legal Officer','On Leave',NULL,'2020-07-26T17:00:00.000Z',NULL,NULL,'2026-02-20T12:50:18.028Z','2026-05-15T03:48:40.182Z',NULL,'william.miller@udm.com','ເຄີຍຮ່ວມໂຄງການໃຫຍ່',NULL,NULL,NULL,'Savannakhet',NULL,'Ban Phontan','Mayparkngum','Part-time',NULL) ON CONFLICT DO NOTHING;
INSERT INTO "employees" ("employee_id","employee_code","company_id","firstname","lastname","gender","date_of_birth","nationality","contact_no","position","status","resigned_reason","hired_at","resigned_at","deleted_at","created_at","updated_at","fullname","email","notes","photo","room_no","office_building","province","dormitory","village","district","employee_type","room_id") VALUES (28,'UDM008',1,'Joseph','Davis','Male','1984-07-13T17:00:00.000Z','Lao','02087014436','Security Officer','Active',NULL,'2022-12-05T17:00:00.000Z',NULL,NULL,'2026-02-20T12:50:18.028Z','2026-05-15T03:48:40.183Z',NULL,'joseph.davis@udm.com','ຈັດການໄດ້ດີ, ເຊື່ອຖືໄດ້',NULL,NULL,NULL,'Vientiane Prefecture',NULL,'Ban Namphou','Xaythany','Part-time',NULL) ON CONFLICT DO NOTHING;
INSERT INTO "employees" ("employee_id","employee_code","company_id","firstname","lastname","gender","date_of_birth","nationality","contact_no","position","status","resigned_reason","hired_at","resigned_at","deleted_at","created_at","updated_at","fullname","email","notes","photo","room_no","office_building","province","dormitory","village","district","employee_type","room_id") VALUES (29,'UDM009',1,'Thomas','Martinez','Male','1983-03-26T17:00:00.000Z','Lao','02066218969','Legal Officer','Active',NULL,'2022-01-02T17:00:00.000Z',NULL,NULL,'2026-02-20T12:50:18.028Z','2026-05-15T03:48:40.183Z',NULL,'thomas.martinez@udm.com','ຊ່ຽວຊານດ້ານ Marketing',NULL,NULL,NULL,'Phongsaly',NULL,'Ban Dongpalane','Sisattanak','Intern',NULL) ON CONFLICT DO NOTHING;
INSERT INTO "employees" ("employee_id","employee_code","company_id","firstname","lastname","gender","date_of_birth","nationality","contact_no","position","status","resigned_reason","hired_at","resigned_at","deleted_at","created_at","updated_at","fullname","email","notes","photo","room_no","office_building","province","dormitory","village","district","employee_type","room_id") VALUES (30,'UDM010',1,'Charles','Wilson','Male','1998-06-28T17:00:00.000Z','Thai','02095868506','Technician','Active',NULL,'2023-12-14T17:00:00.000Z',NULL,NULL,'2026-02-20T12:50:18.028Z','2026-05-18T04:04:04.301Z',NULL,'charles.wilson@udm.com','ເຄີຍຮ່ວມໂຄງການໃຫຍ່',NULL,NULL,NULL,'Huaphan',NULL,'Ban Hatsady','Thakhek','Contract',5) ON CONFLICT DO NOTHING;
INSERT INTO "employees" ("employee_id","employee_code","company_id","firstname","lastname","gender","date_of_birth","nationality","contact_no","position","status","resigned_reason","hired_at","resigned_at","deleted_at","created_at","updated_at","fullname","email","notes","photo","room_no","office_building","province","dormitory","village","district","employee_type","room_id") VALUES (31,'UDM011',1,'John','Smith','Male','1995-08-22T17:00:00.000Z','Chinese','02074476842','Sales Executive','Active',NULL,'2021-03-25T17:00:00.000Z',NULL,NULL,'2026-02-20T12:54:47.348Z','2026-05-15T03:48:40.185Z',NULL,'john.smith@udm.com','ພາສາອັງກິດດີ',NULL,NULL,NULL,'Huaphan',NULL,'Ban Watnak','Thakhek','Contract',NULL) ON CONFLICT DO NOTHING;
INSERT INTO "employees" ("employee_id","employee_code","company_id","firstname","lastname","gender","date_of_birth","nationality","contact_no","position","status","resigned_reason","hired_at","resigned_at","deleted_at","created_at","updated_at","fullname","email","notes","photo","room_no","office_building","province","dormitory","village","district","employee_type","room_id") VALUES (32,'UDM012',1,'Michael','Johnson','Male','1999-07-03T17:00:00.000Z','Lao','02081969245','Project Manager','Active',NULL,'2022-03-05T17:00:00.000Z',NULL,NULL,'2026-02-20T12:54:47.348Z','2026-05-15T03:48:40.186Z',NULL,'michael.johnson@udm.com','ສຸຂະພາບດີ ເຮັດວຽກໄດ້ເຕັມທີ່',NULL,NULL,NULL,'Khammouane',NULL,'Ban Hatsady','Sangthong','Intern',NULL) ON CONFLICT DO NOTHING;
INSERT INTO "employees" ("employee_id","employee_code","company_id","firstname","lastname","gender","date_of_birth","nationality","contact_no","position","status","resigned_reason","hired_at","resigned_at","deleted_at","created_at","updated_at","fullname","email","notes","photo","room_no","office_building","province","dormitory","village","district","employee_type","room_id") VALUES (33,'UDM013',1,'David','Brown','Male','1997-05-04T17:00:00.000Z','Lao','02081506583','Logistics Officer','Active',NULL,'2019-02-26T17:00:00.000Z',NULL,NULL,'2026-02-20T12:54:47.348Z','2026-05-15T03:48:40.193Z',NULL,'david.brown@udm.com','ລາຄາເທດສະຫຼາດ, ຮຽນໄວ',NULL,NULL,NULL,'Savannakhet',NULL,'Ban Phiavat','Xaythany','Intern',NULL) ON CONFLICT DO NOTHING;
INSERT INTO "employees" ("employee_id","employee_code","company_id","firstname","lastname","gender","date_of_birth","nationality","contact_no","position","status","resigned_reason","hired_at","resigned_at","deleted_at","created_at","updated_at","fullname","email","notes","photo","room_no","office_building","province","dormitory","village","district","employee_type","room_id") VALUES (34,'UDM014',1,'James','Williams','Male','1983-11-01T17:00:00.000Z','Lao','02079610761','Data Analyst','Active',NULL,'2020-09-25T17:00:00.000Z',NULL,NULL,'2026-02-20T12:54:47.348Z','2026-05-15T03:48:40.194Z',NULL,'james.williams@udm.com','ຊ່ຽວຊານ Excel ແລະ Data Analysis',NULL,NULL,NULL,'Khammouane',NULL,'Ban Phonthan','Thakhek','Full-time',NULL) ON CONFLICT DO NOTHING;
INSERT INTO "employees" ("employee_id","employee_code","company_id","firstname","lastname","gender","date_of_birth","nationality","contact_no","position","status","resigned_reason","hired_at","resigned_at","deleted_at","created_at","updated_at","fullname","email","notes","photo","room_no","office_building","province","dormitory","village","district","employee_type","room_id") VALUES (35,'UDM015',1,'Robert','Jones','Male','2000-10-28T17:00:00.000Z','Chinese','02059113817','HR Manager','Active',NULL,'2018-12-01T17:00:00.000Z',NULL,NULL,'2026-02-20T12:54:47.348Z','2026-05-15T03:48:40.194Z',NULL,'robert.jones@udm.com','ຊ່ຽວຊານດ້ານ Marketing',NULL,NULL,NULL,'Oudomxay',NULL,'Ban Watnak','Chanthabouly','Part-time',NULL) ON CONFLICT DO NOTHING;
INSERT INTO "employees" ("employee_id","employee_code","company_id","firstname","lastname","gender","date_of_birth","nationality","contact_no","position","status","resigned_reason","hired_at","resigned_at","deleted_at","created_at","updated_at","fullname","email","notes","photo","room_no","office_building","province","dormitory","village","district","employee_type","room_id") VALUES (36,'UDM016',1,'Daniel','Garcia','Male','1985-11-18T17:00:00.000Z','Lao','02074499726','Accountant','Active',NULL,'2019-09-22T17:00:00.000Z',NULL,NULL,'2026-02-20T12:54:47.348Z','2026-05-15T03:48:40.195Z',NULL,'daniel.garcia@udm.com','ມີທັກສະດ້ານ IT ດີ',NULL,NULL,NULL,'Luang Prabang',NULL,'Ban Namphou','Naxaithong','Contract',NULL) ON CONFLICT DO NOTHING;
INSERT INTO "employees" ("employee_id","employee_code","company_id","firstname","lastname","gender","date_of_birth","nationality","contact_no","position","status","resigned_reason","hired_at","resigned_at","deleted_at","created_at","updated_at","fullname","email","notes","photo","room_no","office_building","province","dormitory","village","district","employee_type","room_id") VALUES (37,'UDM017',1,'William','Miller','Male','1983-07-23T17:00:00.000Z','Lao','02096501420','Graphic Designer','On Leave',NULL,'2022-01-03T17:00:00.000Z',NULL,NULL,'2026-02-20T12:54:47.348Z','2026-05-15T03:48:40.196Z',NULL,'william.miller@udm.com','ມີປະສົບການດ້ານ HR 3 ປີ',NULL,NULL,NULL,'Phongsaly',NULL,'Ban Nongbone','Hadxayfong','Contract',NULL) ON CONFLICT DO NOTHING;
INSERT INTO "employees" ("employee_id","employee_code","company_id","firstname","lastname","gender","date_of_birth","nationality","contact_no","position","status","resigned_reason","hired_at","resigned_at","deleted_at","created_at","updated_at","fullname","email","notes","photo","room_no","office_building","province","dormitory","village","district","employee_type","room_id") VALUES (38,'UDM018',1,'Joseph','Davis','Male','1990-04-10T17:00:00.000Z','Chinese','02066720862','Marketing Officer','Active',NULL,'2018-09-17T17:00:00.000Z',NULL,NULL,'2026-02-20T12:54:47.348Z','2026-05-15T03:48:40.196Z',NULL,'joseph.davis@udm.com','ລາຄາເທດສະຫຼາດ, ຮຽນໄວ',NULL,NULL,NULL,'Vientiane Prefecture',NULL,'Ban Watnak','Naxaithong','Contract',NULL) ON CONFLICT DO NOTHING;
INSERT INTO "employees" ("employee_id","employee_code","company_id","firstname","lastname","gender","date_of_birth","nationality","contact_no","position","status","resigned_reason","hired_at","resigned_at","deleted_at","created_at","updated_at","fullname","email","notes","photo","room_no","office_building","province","dormitory","village","district","employee_type","room_id") VALUES (39,'UDM019',1,'Thomas','Martinez','Male','1980-06-04T17:00:00.000Z','Vietnamese','02061673270','Marketing Officer','Active',NULL,'2022-04-07T17:00:00.000Z',NULL,NULL,'2026-02-20T12:54:47.348Z','2026-05-15T03:48:40.197Z',NULL,'thomas.martinez@udm.com','ມີຄວາມສາມາດດ້ານການຄຸ້ມຄອງ',NULL,NULL,NULL,'Saravane',NULL,'Ban Mixay','Hadxayfong','Full-time',NULL) ON CONFLICT DO NOTHING;
INSERT INTO "employees" ("employee_id","employee_code","company_id","firstname","lastname","gender","date_of_birth","nationality","contact_no","position","status","resigned_reason","hired_at","resigned_at","deleted_at","created_at","updated_at","fullname","email","notes","photo","room_no","office_building","province","dormitory","village","district","employee_type","room_id") VALUES (40,'UDM020',1,'Charles','Wilson','Male','1991-11-20T17:00:00.000Z','Lao','02098511828','Security Officer','Active',NULL,'2020-06-08T17:00:00.000Z',NULL,NULL,'2026-02-20T12:54:47.348Z','2026-05-15T03:48:40.197Z',NULL,'charles.wilson@udm.com','ເຄີຍຮ່ວມໂຄງການໃຫຍ່',NULL,NULL,NULL,'Oudomxay',NULL,'Ban Watnak','Sikhottabong','Full-time',NULL) ON CONFLICT DO NOTHING;
INSERT INTO "employees" ("employee_id","employee_code","company_id","firstname","lastname","gender","date_of_birth","nationality","contact_no","position","status","resigned_reason","hired_at","resigned_at","deleted_at","created_at","updated_at","fullname","email","notes","photo","room_no","office_building","province","dormitory","village","district","employee_type","room_id") VALUES (43,'UDM021',1,'John','Smith','Male','1981-07-17T17:00:00.000Z','Lao','02065323886','Project Manager','Active',NULL,'2021-12-29T17:00:00.000Z',NULL,NULL,'2026-02-20T15:05:58.511Z','2026-05-15T03:48:40.198Z',NULL,'john.smith@udm.com','ຈັດການໄດ້ດີ, ເຊື່ອຖືໄດ້',NULL,NULL,NULL,'Sekong',NULL,'Ban Phontan','Sangthong','Full-time',NULL) ON CONFLICT DO NOTHING;
INSERT INTO "employees" ("employee_id","employee_code","company_id","firstname","lastname","gender","date_of_birth","nationality","contact_no","position","status","resigned_reason","hired_at","resigned_at","deleted_at","created_at","updated_at","fullname","email","notes","photo","room_no","office_building","province","dormitory","village","district","employee_type","room_id") VALUES (44,'UDM022',1,'Anna','Lee','Female','2000-06-08T17:00:00.000Z','Lao','02056311668','Logistics Officer','Active',NULL,'2023-02-08T17:00:00.000Z',NULL,NULL,'2026-02-20T15:05:58.511Z','2026-05-18T04:03:58.066Z',NULL,'anna.lee@udm.com','ພະນັກງານໃໝ່, ມີທ່າທາງດີ',NULL,NULL,NULL,'Phongsaly',NULL,'Ban Phonxai','Kasi','Full-time',5) ON CONFLICT DO NOTHING;
INSERT INTO "employees" ("employee_id","employee_code","company_id","firstname","lastname","gender","date_of_birth","nationality","contact_no","position","status","resigned_reason","hired_at","resigned_at","deleted_at","created_at","updated_at","fullname","email","notes","photo","room_no","office_building","province","dormitory","village","district","employee_type","room_id") VALUES (45,'UDM023',1,'Michael','Brown','Male','1980-05-07T17:00:00.000Z','Lao','02055963381','Technician','Resigned','ຍ້ອນສະຖານະການຄອບຄົວ','2021-06-05T17:00:00.000Z','2023-10-19T17:00:00.000Z',NULL,'2026-02-20T15:05:58.511Z','2026-05-15T03:48:40.199Z',NULL,'michael.brown@udm.com','ສຸຂະພາບດີ ເຮັດວຽກໄດ້ເຕັມທີ່',NULL,NULL,NULL,'Sekong',NULL,'Ban Naxay','Sisattanak','Contract',NULL) ON CONFLICT DO NOTHING;
INSERT INTO "employees" ("employee_id","employee_code","company_id","firstname","lastname","gender","date_of_birth","nationality","contact_no","position","status","resigned_reason","hired_at","resigned_at","deleted_at","created_at","updated_at","fullname","email","notes","photo","room_no","office_building","province","dormitory","village","district","employee_type","room_id") VALUES (46,'UDM024',1,'David','Wilson','Male','2002-12-22T17:00:00.000Z','Lao','02088496104','Procurement Officer','Active',NULL,'2018-07-30T17:00:00.000Z',NULL,NULL,'2026-02-20T15:05:58.511Z','2026-05-15T03:48:40.199Z',NULL,'david.wilson@udm.com','ມີຄວາມສາມາດດ້ານການຄຸ້ມຄອງ',NULL,NULL,NULL,'Xiengkhouang',NULL,'Ban Namphou','Xaythany','Part-time',NULL) ON CONFLICT DO NOTHING;
INSERT INTO "employees" ("employee_id","employee_code","company_id","firstname","lastname","gender","date_of_birth","nationality","contact_no","position","status","resigned_reason","hired_at","resigned_at","deleted_at","created_at","updated_at","fullname","email","notes","photo","room_no","office_building","province","dormitory","village","district","employee_type","room_id") VALUES (47,'UDM025',1,'Sophia','Taylor','Female','2002-08-11T17:00:00.000Z','Lao','02093045536','Marketing Officer','Resigned','ສຸຂະພາບບໍ່ດີ','2019-06-09T17:00:00.000Z','2021-04-11T17:00:00.000Z',NULL,'2026-02-20T15:05:58.511Z','2026-05-15T03:48:40.200Z',NULL,'sophia.taylor@udm.com','ມີປະສົບການດ້ານ HR 3 ປີ',NULL,NULL,NULL,'Attapeu',NULL,'Ban Hatsady','Chanthabouly','Contract',NULL) ON CONFLICT DO NOTHING;
INSERT INTO "employees" ("employee_id","employee_code","company_id","firstname","lastname","gender","date_of_birth","nationality","contact_no","position","status","resigned_reason","hired_at","resigned_at","deleted_at","created_at","updated_at","fullname","email","notes","photo","room_no","office_building","province","dormitory","village","district","employee_type","room_id") VALUES (48,'UDM026',1,'Chris','Anderson','Male','1991-03-10T17:00:00.000Z','Vietnamese','02098762739','Procurement Officer','Active',NULL,'2023-02-19T17:00:00.000Z',NULL,NULL,'2026-02-20T15:05:58.511Z','2026-05-15T03:48:40.200Z',NULL,'chris.anderson@udm.com','ເຮັດວຽກໄດ້ດີ ໂດຍສະເພາະດ້ານ Finance',NULL,NULL,NULL,'Luang Prabang',NULL,'Ban Phonxai','Xaythany','Full-time',NULL) ON CONFLICT DO NOTHING;
INSERT INTO "employees" ("employee_id","employee_code","company_id","firstname","lastname","gender","date_of_birth","nationality","contact_no","position","status","resigned_reason","hired_at","resigned_at","deleted_at","created_at","updated_at","fullname","email","notes","photo","room_no","office_building","province","dormitory","village","district","employee_type","room_id") VALUES (49,'UDM027',1,'Emily','Clark','Female','1999-06-07T17:00:00.000Z','Vietnamese','02094779123','Legal Officer','Active',NULL,'2023-04-02T17:00:00.000Z',NULL,NULL,'2026-02-20T15:05:58.511Z','2026-05-15T03:48:40.200Z',NULL,'emily.clark@udm.com','ເຄີຍຮ່ວມໂຄງການໃຫຍ່',NULL,NULL,NULL,'Attapeu',NULL,'Ban Nongbone','Chanthabouly','Part-time',NULL) ON CONFLICT DO NOTHING;
INSERT INTO "employees" ("employee_id","employee_code","company_id","firstname","lastname","gender","date_of_birth","nationality","contact_no","position","status","resigned_reason","hired_at","resigned_at","deleted_at","created_at","updated_at","fullname","email","notes","photo","room_no","office_building","province","dormitory","village","district","employee_type","room_id") VALUES (50,'UDM028',1,'Daniel','Martinez','Male','2001-03-24T17:00:00.000Z','Lao','02098870125','Sales Executive','On Leave',NULL,'2023-02-21T17:00:00.000Z',NULL,NULL,'2026-02-20T15:05:58.511Z','2026-05-15T03:48:40.201Z',NULL,'daniel.martinez@udm.com','ມີປະສົບການດ້ານ HR 3 ປີ',NULL,NULL,NULL,'Huaphan',NULL,'Ban Mixay','Chanthabouly','Full-time',NULL) ON CONFLICT DO NOTHING;
INSERT INTO "employees" ("employee_id","employee_code","company_id","firstname","lastname","gender","date_of_birth","nationality","contact_no","position","status","resigned_reason","hired_at","resigned_at","deleted_at","created_at","updated_at","fullname","email","notes","photo","room_no","office_building","province","dormitory","village","district","employee_type","room_id") VALUES (51,'EMP009',1,'Olivia','Garcia','Female','1997-08-14T17:00:00.000Z','Mexico','020123464','Designer','active',NULL,'2026-02-19T17:00:00.000Z',NULL,'2026-05-11T03:40:01.893Z','2026-02-20T15:05:58.511Z','2026-02-20T15:05:58.511Z',NULL,NULL,NULL,NULL,NULL,NULL,NULL,NULL,NULL,NULL,NULL,NULL) ON CONFLICT DO NOTHING;
INSERT INTO "employees" ("employee_id","employee_code","company_id","firstname","lastname","gender","date_of_birth","nationality","contact_no","position","status","resigned_reason","hired_at","resigned_at","deleted_at","created_at","updated_at","fullname","email","notes","photo","room_no","office_building","province","dormitory","village","district","employee_type","room_id") VALUES (52,'UDM029',1,'James','Walker','Male',NULL,'Lao','02078639691','Sales Executive','Resigned',NULL,'2024-09-25T17:00:00.000Z',NULL,NULL,'2026-02-20T15:05:58.511Z','2026-05-19T14:52:49.883Z',NULL,'james.walker@udm.com','ມີປະສົບການດ້ານ HR 3 ປີ',NULL,NULL,NULL,'Xiengkhouang',NULL,'Ban Thatkhao','Thakhek','Full-time',NULL) ON CONFLICT DO NOTHING;
INSERT INTO "employees" ("employee_id","employee_code","company_id","firstname","lastname","gender","date_of_birth","nationality","contact_no","position","status","resigned_reason","hired_at","resigned_at","deleted_at","created_at","updated_at","fullname","email","notes","photo","room_no","office_building","province","dormitory","village","district","employee_type","room_id") VALUES (53,'DC001',2,'John','Smith','Male','1988-11-01T17:00:00.000Z','Lao','02081356968','Sales Executive','Active',NULL,'2020-03-26T17:00:00.000Z',NULL,NULL,'2026-02-20T15:07:41.708Z','2026-05-15T03:48:40.204Z',NULL,'john.smith@dc.com','ພະນັກງານໃໝ່, ມີທ່າທາງດີ',NULL,NULL,NULL,'Champasak',NULL,'Ban Phonthan','Mayparkngum','Contract',NULL) ON CONFLICT DO NOTHING;
INSERT INTO "employees" ("employee_id","employee_code","company_id","firstname","lastname","gender","date_of_birth","nationality","contact_no","position","status","resigned_reason","hired_at","resigned_at","deleted_at","created_at","updated_at","fullname","email","notes","photo","room_no","office_building","province","dormitory","village","district","employee_type","room_id") VALUES (54,'DC002',2,'Anna','Lee','Female','1984-11-23T17:00:00.000Z','Thai','02057548496','Driver','On Leave',NULL,'2024-11-17T17:00:00.000Z',NULL,NULL,'2026-02-20T15:07:41.708Z','2026-05-15T03:48:40.204Z',NULL,'anna.lee@dc.com','ຊ່ຽວຊານດ້ານ Marketing',NULL,NULL,NULL,'Savannakhet',NULL,'Ban Phonxay','Hadxayfong','Full-time',NULL) ON CONFLICT DO NOTHING;
INSERT INTO "employees" ("employee_id","employee_code","company_id","firstname","lastname","gender","date_of_birth","nationality","contact_no","position","status","resigned_reason","hired_at","resigned_at","deleted_at","created_at","updated_at","fullname","email","notes","photo","room_no","office_building","province","dormitory","village","district","employee_type","room_id") VALUES (55,'DC003',2,'Michael','Brown','Male','1981-04-16T17:00:00.000Z','Lao','02062567652','Logistics Officer','Active',NULL,'2020-06-22T17:00:00.000Z',NULL,NULL,'2026-02-20T15:07:41.708Z','2026-05-15T03:48:40.209Z',NULL,'michael.brown@dc.com','ລາຄາເທດສະຫຼາດ, ຮຽນໄວ',NULL,NULL,NULL,'Vientiane',NULL,'Ban Phonxay','Vangvieng','Full-time',NULL) ON CONFLICT DO NOTHING;
INSERT INTO "employees" ("employee_id","employee_code","company_id","firstname","lastname","gender","date_of_birth","nationality","contact_no","position","status","resigned_reason","hired_at","resigned_at","deleted_at","created_at","updated_at","fullname","email","notes","photo","room_no","office_building","province","dormitory","village","district","employee_type","room_id") VALUES (56,'DC004',2,'David','Wilson','Male','1989-12-12T17:00:00.000Z','Chinese','02094898079','Data Analyst','On Leave',NULL,'2018-06-01T17:00:00.000Z',NULL,NULL,'2026-02-20T15:07:41.708Z','2026-05-15T03:48:40.209Z',NULL,'david.wilson@dc.com','ຊ່ຽວຊານດ້ານ Marketing',NULL,NULL,NULL,'Huaphan',NULL,'Ban Namphou','Hadxayfong','Contract',NULL) ON CONFLICT DO NOTHING;
INSERT INTO "employees" ("employee_id","employee_code","company_id","firstname","lastname","gender","date_of_birth","nationality","contact_no","position","status","resigned_reason","hired_at","resigned_at","deleted_at","created_at","updated_at","fullname","email","notes","photo","room_no","office_building","province","dormitory","village","district","employee_type","room_id") VALUES (57,'DC005',2,'Sophia','Taylor','Female','1983-02-13T17:00:00.000Z','Thai','02083151169','Graphic Designer','Resigned','ຍ້ອນສະຖານະການຄອບຄົວ','2020-03-13T17:00:00.000Z','2025-07-28T17:00:00.000Z',NULL,'2026-02-20T15:07:41.708Z','2026-05-15T03:48:40.210Z',NULL,'sophia.taylor@dc.com','ເຄີຍຮ່ວມໂຄງການໃຫຍ່',NULL,NULL,NULL,'Attapeu',NULL,'Ban Hatsady','Xaysetha','Contract',NULL) ON CONFLICT DO NOTHING;
INSERT INTO "employees" ("employee_id","employee_code","company_id","firstname","lastname","gender","date_of_birth","nationality","contact_no","position","status","resigned_reason","hired_at","resigned_at","deleted_at","created_at","updated_at","fullname","email","notes","photo","room_no","office_building","province","dormitory","village","district","employee_type","room_id") VALUES (58,'DC006',2,'Chris','Anderson','Male','1996-03-29T17:00:00.000Z','Lao','02076222935','IT Officer','Active',NULL,'2022-10-28T17:00:00.000Z',NULL,NULL,'2026-02-20T15:07:41.708Z','2026-05-15T03:48:40.210Z',NULL,'chris.anderson@dc.com','ຊ່ຽວຊານດ້ານ Marketing',NULL,NULL,NULL,'Luang Prabang',NULL,'Ban Phonxay','Vangvieng','Part-time',NULL) ON CONFLICT DO NOTHING;
INSERT INTO "employees" ("employee_id","employee_code","company_id","firstname","lastname","gender","date_of_birth","nationality","contact_no","position","status","resigned_reason","hired_at","resigned_at","deleted_at","created_at","updated_at","fullname","email","notes","photo","room_no","office_building","province","dormitory","village","district","employee_type","room_id") VALUES (59,'DC007',2,'Emily','Clark','Female','1991-06-26T17:00:00.000Z','Lao','02060603023','Procurement Officer','Active',NULL,'2023-11-16T17:00:00.000Z',NULL,NULL,'2026-02-20T15:07:41.708Z','2026-05-15T03:48:40.210Z',NULL,'emily.clark@dc.com','ເຮັດວຽກໄດ້ດີ ໂດຍສະເພາະດ້ານ Finance',NULL,NULL,NULL,'Oudomxay',NULL,'Ban Dongpalane','Naxaithong','Part-time',NULL) ON CONFLICT DO NOTHING;
INSERT INTO "employees" ("employee_id","employee_code","company_id","firstname","lastname","gender","date_of_birth","nationality","contact_no","position","status","resigned_reason","hired_at","resigned_at","deleted_at","created_at","updated_at","fullname","email","notes","photo","room_no","office_building","province","dormitory","village","district","employee_type","room_id") VALUES (60,'DC008',2,'Daniel','Martinez','Male','1992-09-26T17:00:00.000Z','Lao','02090573074','Procurement Officer','Active',NULL,'2024-12-21T17:00:00.000Z',NULL,NULL,'2026-02-20T15:07:41.708Z','2026-05-15T03:48:40.211Z',NULL,'daniel.martinez@dc.com','ມີທັກສະດ້ານ IT ດີ',NULL,NULL,NULL,'Savannakhet',NULL,'Ban Nongbone','Mayparkngum','Full-time',NULL) ON CONFLICT DO NOTHING;
INSERT INTO "employees" ("employee_id","employee_code","company_id","firstname","lastname","gender","date_of_birth","nationality","contact_no","position","status","resigned_reason","hired_at","resigned_at","deleted_at","created_at","updated_at","fullname","email","notes","photo","room_no","office_building","province","dormitory","village","district","employee_type","room_id") VALUES (61,'DC009',2,'Olivia','Garcia','Female','1989-09-09T17:00:00.000Z','Lao','02066196094','Logistics Officer','On Leave',NULL,'2020-08-17T17:00:00.000Z',NULL,NULL,'2026-02-20T15:07:41.708Z','2026-05-15T03:48:40.212Z',NULL,'olivia.garcia@dc.com','ພາສາອັງກິດດີ',NULL,NULL,NULL,'Vientiane Prefecture',NULL,'Ban Hatsady','Phonhong','Full-time',NULL) ON CONFLICT DO NOTHING;
INSERT INTO "employees" ("employee_id","employee_code","company_id","firstname","lastname","gender","date_of_birth","nationality","contact_no","position","status","resigned_reason","hired_at","resigned_at","deleted_at","created_at","updated_at","fullname","email","notes","photo","room_no","office_building","province","dormitory","village","district","employee_type","room_id") VALUES (62,'DC010',2,'James','Walker','Male','2001-12-29T17:00:00.000Z','Lao','02062169838','Admin Officer','Resigned','ຄວາມຕ້ອງການສ່ວນຕົວ','2022-01-13T17:00:00.000Z','2022-09-25T17:00:00.000Z',NULL,'2026-02-20T15:07:41.708Z','2026-05-15T03:48:40.212Z',NULL,'james.walker@dc.com','ລາຄາເທດສະຫຼາດ, ຮຽນໄວ',NULL,NULL,NULL,'Vientiane Prefecture',NULL,'Ban Phonthan','Savannakhet','Contract',NULL) ON CONFLICT DO NOTHING;
INSERT INTO "employees" ("employee_id","employee_code","company_id","firstname","lastname","gender","date_of_birth","nationality","contact_no","position","status","resigned_reason","hired_at","resigned_at","deleted_at","created_at","updated_at","fullname","email","notes","photo","room_no","office_building","province","dormitory","village","district","employee_type","room_id") VALUES (63,'DC011',2,'Anousone','Keoboupha','Male','1993-02-06T17:00:00.000Z','Chinese','02066099396','Procurement Officer','Active',NULL,'2021-11-12T17:00:00.000Z',NULL,NULL,'2026-02-20T15:16:22.546Z','2026-05-15T03:48:40.212Z',NULL,'anousone.keoboupha@dc.com','ຂຽນ code ໄດ້ຫຼາຍພາສາ',NULL,NULL,NULL,'Attapeu',NULL,'Ban Phontan','Thakhek','Full-time',1) ON CONFLICT DO NOTHING;
INSERT INTO "employees" ("employee_id","employee_code","company_id","firstname","lastname","gender","date_of_birth","nationality","contact_no","position","status","resigned_reason","hired_at","resigned_at","deleted_at","created_at","updated_at","fullname","email","notes","photo","room_no","office_building","province","dormitory","village","district","employee_type","room_id") VALUES (64,'DC012',2,'Khampheng','Sengdala','Male','1993-08-12T17:00:00.000Z','Lao','02065126192','Sales Executive','Active',NULL,'2018-03-21T17:00:00.000Z',NULL,NULL,'2026-02-20T15:16:22.546Z','2026-05-15T03:48:40.215Z',NULL,'khampheng.sengdala@dc.com','ລາຄາເທດສະຫຼາດ, ຮຽນໄວ',NULL,NULL,NULL,'Vientiane',NULL,'Ban Naxay','Sisattanak','Full-time',NULL) ON CONFLICT DO NOTHING;
INSERT INTO "employees" ("employee_id","employee_code","company_id","firstname","lastname","gender","date_of_birth","nationality","contact_no","position","status","resigned_reason","hired_at","resigned_at","deleted_at","created_at","updated_at","fullname","email","notes","photo","room_no","office_building","province","dormitory","village","district","employee_type","room_id") VALUES (65,'DC013',2,'Somphet','Vannavong','Male','1996-09-13T17:00:00.000Z','Lao','02093512093','Legal Officer','Active',NULL,'2024-08-19T17:00:00.000Z',NULL,NULL,'2026-02-20T15:16:22.546Z','2026-05-15T03:48:40.215Z',NULL,'somphet.vannavong@dc.com','ມີທັກສະດ້ານ IT ດີ',NULL,NULL,NULL,'Luang Prabang',NULL,'Ban Simuang','Hadxayfong','Full-time',NULL) ON CONFLICT DO NOTHING;
INSERT INTO "employees" ("employee_id","employee_code","company_id","firstname","lastname","gender","date_of_birth","nationality","contact_no","position","status","resigned_reason","hired_at","resigned_at","deleted_at","created_at","updated_at","fullname","email","notes","photo","room_no","office_building","province","dormitory","village","district","employee_type","room_id") VALUES (66,'DC014',2,'Noy','Phimmasone','Female','1980-10-30T17:00:00.000Z','Lao','02062164332','HR Manager','Active',NULL,'2021-04-16T17:00:00.000Z',NULL,NULL,'2026-02-20T15:16:22.546Z','2026-05-15T03:48:40.216Z',NULL,'noy.phimmasone@dc.com','ຊ່ຽວຊານ Excel ແລະ Data Analysis',NULL,NULL,NULL,'Vientiane Prefecture',NULL,'Ban Mixay','Mayparkngum','Full-time',NULL) ON CONFLICT DO NOTHING;
INSERT INTO "employees" ("employee_id","employee_code","company_id","firstname","lastname","gender","date_of_birth","nationality","contact_no","position","status","resigned_reason","hired_at","resigned_at","deleted_at","created_at","updated_at","fullname","email","notes","photo","room_no","office_building","province","dormitory","village","district","employee_type","room_id") VALUES (67,'DC015',2,'Bounmy','Chanthavong','Female','1983-08-19T17:00:00.000Z','Lao','02070069503','HR Manager','Active',NULL,'2018-12-26T17:00:00.000Z',NULL,NULL,'2026-02-20T15:16:22.546Z','2026-05-15T03:48:40.216Z',NULL,'bounmy.chanthavong@dc.com','ລາຄາເທດສະຫຼາດ, ຮຽນໄວ',NULL,NULL,NULL,'Phongsaly',NULL,'Ban Namphou','Savannakhet','Contract',15) ON CONFLICT DO NOTHING;
INSERT INTO "employees" ("employee_id","employee_code","company_id","firstname","lastname","gender","date_of_birth","nationality","contact_no","position","status","resigned_reason","hired_at","resigned_at","deleted_at","created_at","updated_at","fullname","email","notes","photo","room_no","office_building","province","dormitory","village","district","employee_type","room_id") VALUES (68,'DC016',2,'Kanya','Souliyavong','Female','1985-05-28T17:00:00.000Z','Lao','02080941304','Software Engineer','Active',NULL,'2018-01-20T17:00:00.000Z',NULL,NULL,'2026-02-20T15:16:22.546Z','2026-05-15T03:48:40.216Z',NULL,'kanya.souliyavong@dc.com','ພະນັກງານທີ່ດີ, ຕັ້ງໃຈເຮັດວຽກ',NULL,NULL,NULL,'Sekong',NULL,'Ban Simuang','Xaysetha','Contract',NULL) ON CONFLICT DO NOTHING;
INSERT INTO "employees" ("employee_id","employee_code","company_id","firstname","lastname","gender","date_of_birth","nationality","contact_no","position","status","resigned_reason","hired_at","resigned_at","deleted_at","created_at","updated_at","fullname","email","notes","photo","room_no","office_building","province","dormitory","village","district","employee_type","room_id") VALUES (69,'DC017',2,'Vilay','Douangdala','Male','1991-12-24T17:00:00.000Z','Thai','02094544495','Driver','Active',NULL,'2025-01-14T17:00:00.000Z',NULL,NULL,'2026-02-20T15:16:22.546Z','2026-05-15T03:48:40.217Z',NULL,'vilay.douangdala@dc.com','ພະນັກງານທີ່ດີ, ຕັ້ງໃຈເຮັດວຽກ',NULL,'234','erewrs','Vientiane','dd','Ban Thatkhao','Naxaithong','Full-time',NULL) ON CONFLICT DO NOTHING;
INSERT INTO "employees" ("employee_id","employee_code","company_id","firstname","lastname","gender","date_of_birth","nationality","contact_no","position","status","resigned_reason","hired_at","resigned_at","deleted_at","created_at","updated_at","fullname","email","notes","photo","room_no","office_building","province","dormitory","village","district","employee_type","room_id") VALUES (73,'PGS001',8,'Joey','chtly','Male','1997-09-19T17:00:00.000Z','Lao','02096299201','IT Officer','Resigned','ລາຍໄດ້ຕ່ຳກວ່າທີ່ຄາດ','2018-03-12T17:00:00.000Z','2024-06-04T17:00:00.000Z',NULL,'2026-05-08T04:32:21.253Z','2026-05-15T03:48:40.224Z',NULL,'joey.chtly@pgs.com','ຂຽນ code ໄດ້ຫຼາຍພາສາ','/uploads/emp_1778215083724.JPG',NULL,NULL,'Oudomxay',NULL,'Ban Watnak','Savannakhet','Intern',NULL) ON CONFLICT DO NOTHING;
INSERT INTO "employees" ("employee_id","employee_code","company_id","firstname","lastname","gender","date_of_birth","nationality","contact_no","position","status","resigned_reason","hired_at","resigned_at","deleted_at","created_at","updated_at","fullname","email","notes","photo","room_no","office_building","province","dormitory","village","district","employee_type","room_id") VALUES (74,'UDM030',1,'Somsak','Keovongsa','Male','2000-06-21T17:00:00.000Z','Thai','02072010739','Receptionist','Active',NULL,'2022-07-18T17:00:00.000Z',NULL,NULL,'2026-05-08T09:19:27.788Z','2026-05-15T03:48:40.202Z',NULL,'somsak.keovongsa@udm.com','ຊ່ຽວຊານ Excel ແລະ Data Analysis',NULL,NULL,NULL,'Champasak',NULL,'Ban Phonxay','Mayparkngum','Intern',NULL) ON CONFLICT DO NOTHING;
INSERT INTO "employees" ("employee_id","employee_code","company_id","firstname","lastname","gender","date_of_birth","nationality","contact_no","position","status","resigned_reason","hired_at","resigned_at","deleted_at","created_at","updated_at","fullname","email","notes","photo","room_no","office_building","province","dormitory","village","district","employee_type","room_id") VALUES (75,'UDM031',1,'Khamla','Vongkhamphanh','Female','1992-06-23T17:00:00.000Z','Lao','02089746381','Receptionist','Active',NULL,'2024-11-23T17:00:00.000Z',NULL,NULL,'2026-05-08T09:19:27.796Z','2026-05-15T03:48:40.202Z',NULL,'khamla.vongkhamphanh@udm.com','ພະນັກງານທີ່ດີ, ຕັ້ງໃຈເຮັດວຽກ',NULL,NULL,NULL,'Sekong',NULL,'Ban Phontan','Naxaithong','Full-time',NULL) ON CONFLICT DO NOTHING;
INSERT INTO "employees" ("employee_id","employee_code","company_id","firstname","lastname","gender","date_of_birth","nationality","contact_no","position","status","resigned_reason","hired_at","resigned_at","deleted_at","created_at","updated_at","fullname","email","notes","photo","room_no","office_building","province","dormitory","village","district","employee_type","room_id") VALUES (76,'UC023',1,'Bounmy','Sengaloun','Female','1996-08-19T17:00:00.000Z','Thai','2016811850','Sales Executive','Active',NULL,'2025-06-07T17:00:00.000Z',NULL,'2026-05-11T03:39:58.597Z','2026-05-08T09:19:27.796Z',NULL,NULL,'bounmy.sengaloun3@example.com',NULL,NULL,NULL,NULL,NULL,NULL,NULL,NULL,NULL,NULL) ON CONFLICT DO NOTHING;
INSERT INTO "employees" ("employee_id","employee_code","company_id","firstname","lastname","gender","date_of_birth","nationality","contact_no","position","status","resigned_reason","hired_at","resigned_at","deleted_at","created_at","updated_at","fullname","email","notes","photo","room_no","office_building","province","dormitory","village","district","employee_type","room_id") VALUES (77,'UDM032',1,'Vilay','Keodara','Male','2001-03-11T17:00:00.000Z','Lao','02061986330','Finance Officer','Active',NULL,'2018-03-01T17:00:00.000Z',NULL,NULL,'2026-05-08T09:19:27.797Z','2026-05-15T03:48:40.202Z',NULL,'vilay.keodara@udm.com','ຂຽນ code ໄດ້ຫຼາຍພາສາ',NULL,NULL,NULL,'Sekong',NULL,'Ban Simuang','Xaythany','Full-time',NULL) ON CONFLICT DO NOTHING;
INSERT INTO "employees" ("employee_id","employee_code","company_id","firstname","lastname","gender","date_of_birth","nationality","contact_no","position","status","resigned_reason","hired_at","resigned_at","deleted_at","created_at","updated_at","fullname","email","notes","photo","room_no","office_building","province","dormitory","village","district","employee_type","room_id") VALUES (78,'UDM033',1,'Nouphone','Phanthalath','Female','1997-06-08T17:00:00.000Z','Thai','02081299515','Software Engineer','Active',NULL,'2021-01-18T17:00:00.000Z',NULL,NULL,'2026-05-08T09:19:27.798Z','2026-05-15T03:48:40.203Z',NULL,'nouphone.phanthalath@udm.com','ມີທັກສະດ້ານ IT ດີ',NULL,NULL,NULL,'Bokeo',NULL,'Ban Nontha','Pakxan','Full-time',NULL) ON CONFLICT DO NOTHING;
INSERT INTO "employees" ("employee_id","employee_code","company_id","firstname","lastname","gender","date_of_birth","nationality","contact_no","position","status","resigned_reason","hired_at","resigned_at","deleted_at","created_at","updated_at","fullname","email","notes","photo","room_no","office_building","province","dormitory","village","district","employee_type","room_id") VALUES (79,'UDM034',1,'Daovone','Keovongsa','Female',NULL,'Vietnamese','02055057522','Logistics Officer','Resigned',NULL,'2023-08-04T17:00:00.000Z',NULL,NULL,'2026-05-08T09:19:27.799Z','2026-05-19T14:53:05.583Z',NULL,'daovone.keovongsa@udm.com','ຈັດການໄດ້ດີ, ເຊື່ອຖືໄດ້',NULL,NULL,NULL,'Xiengkhouang',NULL,'Ban Phiavat','Naxaithong','Full-time',NULL) ON CONFLICT DO NOTHING;
INSERT INTO "employees" ("employee_id","employee_code","company_id","firstname","lastname","gender","date_of_birth","nationality","contact_no","position","status","resigned_reason","hired_at","resigned_at","deleted_at","created_at","updated_at","fullname","email","notes","photo","room_no","office_building","province","dormitory","village","district","employee_type","room_id") VALUES (80,'UDM035',1,'Phimpha','Vongkhamphanh','Female','2001-01-07T17:00:00.000Z','Vietnamese','02087465876','Legal Officer','Active',NULL,'2018-02-02T17:00:00.000Z',NULL,'2026-05-18T09:14:13.263Z','2026-05-08T09:19:27.799Z','2026-05-15T03:48:40.203Z',NULL,'phimpha.vongkhamphanh@udm.com','ມີທັກສະດ້ານ IT ດີ',NULL,NULL,NULL,'Saravane',NULL,'Ban Dongpalane','Sangthong','Full-time',NULL) ON CONFLICT DO NOTHING;
INSERT INTO "employees" ("employee_id","employee_code","company_id","firstname","lastname","gender","date_of_birth","nationality","contact_no","position","status","resigned_reason","hired_at","resigned_at","deleted_at","created_at","updated_at","fullname","email","notes","photo","room_no","office_building","province","dormitory","village","district","employee_type","room_id") VALUES (81,'UDM036',1,'Sengphet','Sengaloun','Male','2002-12-01T17:00:00.000Z','Lao','02079207656','Receptionist','Active',NULL,'2023-12-17T17:00:00.000Z',NULL,'2026-05-18T09:07:31.126Z','2026-05-08T09:19:27.800Z','2026-05-15T03:48:40.203Z',NULL,'sengphet.sengaloun@udm.com','ມີປະສົບການດ້ານ HR 3 ປີ',NULL,NULL,NULL,'Phongsaly',NULL,'Ban Phiavat','Sangthong','Contract',NULL) ON CONFLICT DO NOTHING;
INSERT INTO "employees" ("employee_id","employee_code","company_id","firstname","lastname","gender","date_of_birth","nationality","contact_no","position","status","resigned_reason","hired_at","resigned_at","deleted_at","created_at","updated_at","fullname","email","notes","photo","room_no","office_building","province","dormitory","village","district","employee_type","room_id") VALUES (82,'UC089',1,'Anousone','Keodara','Female','1997-12-27T17:00:00.000Z','Lao','2097535043','Marketing','Active',NULL,'2023-12-02T17:00:00.000Z',NULL,'2026-05-11T03:39:54.529Z','2026-05-08T09:19:27.801Z',NULL,NULL,'anousone.keodara9@example.com',NULL,NULL,NULL,NULL,NULL,NULL,NULL,NULL,NULL,NULL) ON CONFLICT DO NOTHING;
INSERT INTO "employees" ("employee_id","employee_code","company_id","firstname","lastname","gender","date_of_birth","nationality","contact_no","position","status","resigned_reason","hired_at","resigned_at","deleted_at","created_at","updated_at","fullname","email","notes","photo","room_no","office_building","province","dormitory","village","district","employee_type","room_id") VALUES (83,'UDM037',1,'Lattana','Phanthalath','Female','2002-05-11T17:00:00.000Z','Vietnamese','02083067958','Procurement Officer','Active',NULL,'2022-10-25T17:00:00.000Z',NULL,'2026-05-18T09:07:32.292Z','2026-05-08T09:19:27.804Z','2026-05-15T03:48:40.204Z',NULL,'lattana.phanthalath@udm.com','ຈ່ອງໃຈ ແລະ ຕັ້ງໃຈ',NULL,NULL,NULL,'Phongsaly',NULL,'Ban Watnak','Sangthong','Part-time',NULL) ON CONFLICT DO NOTHING;
INSERT INTO "employees" ("employee_id","employee_code","company_id","firstname","lastname","gender","date_of_birth","nationality","contact_no","position","status","resigned_reason","hired_at","resigned_at","deleted_at","created_at","updated_at","fullname","email","notes","photo","room_no","office_building","province","dormitory","village","district","employee_type","room_id") VALUES (84,'DC018',2,'Somsak','Keovongsa','Male','1980-12-14T17:00:00.000Z','Lao','02095395236','Finance Officer','Active',NULL,'2021-02-09T17:00:00.000Z',NULL,NULL,'2026-05-08T09:19:27.804Z','2026-05-15T03:48:40.217Z',NULL,'somsak.keovongsa@dc.com','ຈັດການໄດ້ດີ, ເຊື່ອຖືໄດ້',NULL,NULL,NULL,'Champasak',NULL,'Ban Phontan','Mayparkngum','Intern',NULL) ON CONFLICT DO NOTHING;
INSERT INTO "employees" ("employee_id","employee_code","company_id","firstname","lastname","gender","date_of_birth","nationality","contact_no","position","status","resigned_reason","hired_at","resigned_at","deleted_at","created_at","updated_at","fullname","email","notes","photo","room_no","office_building","province","dormitory","village","district","employee_type","room_id") VALUES (85,'DC019',2,'Khamla','Vongkhamphanh','Female','1991-12-10T17:00:00.000Z','Lao','02070564842','Technician','Active',NULL,'2024-10-26T17:00:00.000Z',NULL,NULL,'2026-05-08T09:19:27.805Z','2026-05-15T03:48:40.217Z',NULL,'khamla.vongkhamphanh@dc.com','ຊ່ຽວຊານ Excel ແລະ Data Analysis',NULL,NULL,NULL,'Vientiane Prefecture',NULL,'Ban Phonxay','Savannakhet','Part-time',NULL) ON CONFLICT DO NOTHING;
INSERT INTO "employees" ("employee_id","employee_code","company_id","firstname","lastname","gender","date_of_birth","nationality","contact_no","position","status","resigned_reason","hired_at","resigned_at","deleted_at","created_at","updated_at","fullname","email","notes","photo","room_no","office_building","province","dormitory","village","district","employee_type","room_id") VALUES (86,'DC020',2,'Bounmy','Sengaloun','Female','1994-09-13T17:00:00.000Z','Lao','02084460552','Receptionist','Active',NULL,'2022-07-22T17:00:00.000Z',NULL,NULL,'2026-05-08T09:19:27.805Z','2026-05-15T03:48:40.218Z',NULL,'bounmy.sengaloun@dc.com','ພະນັກງານທີ່ດີ, ຕັ້ງໃຈເຮັດວຽກ',NULL,NULL,NULL,'Champasak',NULL,'Ban Namphou','Sikhottabong','Contract',NULL) ON CONFLICT DO NOTHING;
INSERT INTO "employees" ("employee_id","employee_code","company_id","firstname","lastname","gender","date_of_birth","nationality","contact_no","position","status","resigned_reason","hired_at","resigned_at","deleted_at","created_at","updated_at","fullname","email","notes","photo","room_no","office_building","province","dormitory","village","district","employee_type","room_id") VALUES (87,'DC021',2,'Vilay','Keodara','Male','1990-01-16T17:00:00.000Z','Lao','02057305733','Marketing Officer','Active',NULL,'2019-02-06T17:00:00.000Z',NULL,NULL,'2026-05-08T09:19:27.805Z','2026-05-15T03:48:40.218Z',NULL,'vilay.keodara@dc.com','ພະນັກງານໃໝ່, ມີທ່າທາງດີ',NULL,NULL,NULL,'Vientiane Prefecture',NULL,'Ban Phonxay','Kasi','Intern',NULL) ON CONFLICT DO NOTHING;
INSERT INTO "employees" ("employee_id","employee_code","company_id","firstname","lastname","gender","date_of_birth","nationality","contact_no","position","status","resigned_reason","hired_at","resigned_at","deleted_at","created_at","updated_at","fullname","email","notes","photo","room_no","office_building","province","dormitory","village","district","employee_type","room_id") VALUES (88,'DC022',2,'Nouphone','Phanthalath','Female','1995-07-19T17:00:00.000Z','Thai','02086900685','Sales Executive','Active',NULL,'2023-05-28T17:00:00.000Z',NULL,NULL,'2026-05-08T09:19:27.806Z','2026-05-15T03:48:40.218Z',NULL,'nouphone.phanthalath@dc.com','ພາສາອັງກິດດີ',NULL,NULL,NULL,'Luang Prabang',NULL,'Ban Simuang','Xaythany','Contract',NULL) ON CONFLICT DO NOTHING;
INSERT INTO "employees" ("employee_id","employee_code","company_id","firstname","lastname","gender","date_of_birth","nationality","contact_no","position","status","resigned_reason","hired_at","resigned_at","deleted_at","created_at","updated_at","fullname","email","notes","photo","room_no","office_building","province","dormitory","village","district","employee_type","room_id") VALUES (89,'DC023',2,'Daovone','Keovongsa','Female','1993-08-13T17:00:00.000Z','Lao','02060846269','Procurement Officer','On Leave',NULL,'2023-01-02T17:00:00.000Z',NULL,NULL,'2026-05-08T09:19:27.806Z','2026-05-15T03:48:40.219Z',NULL,'daovone.keovongsa@dc.com','ພະນັກງານໃໝ່, ມີທ່າທາງດີ',NULL,NULL,NULL,'Phongsaly',NULL,'Ban Namphou','Chanthabouly','Intern',NULL) ON CONFLICT DO NOTHING;
INSERT INTO "employees" ("employee_id","employee_code","company_id","firstname","lastname","gender","date_of_birth","nationality","contact_no","position","status","resigned_reason","hired_at","resigned_at","deleted_at","created_at","updated_at","fullname","email","notes","photo","room_no","office_building","province","dormitory","village","district","employee_type","room_id") VALUES (90,'DC024',2,'Phimpha','Vongkhamphanh','Female','1997-10-01T17:00:00.000Z','Lao','02084112221','Technician','On Leave',NULL,'2021-08-06T17:00:00.000Z',NULL,NULL,'2026-05-08T09:19:27.807Z','2026-05-15T03:48:40.219Z',NULL,'phimpha.vongkhamphanh@dc.com','ມີປະສົບການດ້ານ HR 3 ປີ',NULL,NULL,NULL,'Champasak',NULL,'Ban Phonxay','Kasi','Intern',NULL) ON CONFLICT DO NOTHING;
INSERT INTO "employees" ("employee_id","employee_code","company_id","firstname","lastname","gender","date_of_birth","nationality","contact_no","position","status","resigned_reason","hired_at","resigned_at","deleted_at","created_at","updated_at","fullname","email","notes","photo","room_no","office_building","province","dormitory","village","district","employee_type","room_id") VALUES (91,'DC025',2,'Sengphet','Sengaloun','Male','2000-12-22T17:00:00.000Z','Chinese','02059693673','Programmer','Active',NULL,'2023-07-16T17:00:00.000Z',NULL,NULL,'2026-05-08T09:19:27.807Z','2026-05-15T03:48:40.219Z',NULL,'sengphet.sengaloun@dc.com','ຈ່ອງໃຈ ແລະ ຕັ້ງໃຈ',NULL,NULL,NULL,'Luang Prabang',NULL,'Ban Phonxay','Sangthong','Contract',NULL) ON CONFLICT DO NOTHING;
INSERT INTO "employees" ("employee_id","employee_code","company_id","firstname","lastname","gender","date_of_birth","nationality","contact_no","position","status","resigned_reason","hired_at","resigned_at","deleted_at","created_at","updated_at","fullname","email","notes","photo","room_no","office_building","province","dormitory","village","district","employee_type","room_id") VALUES (92,'DC026',2,'Anousone','Keodara','Male','1983-05-02T17:00:00.000Z','Lao','02088057942','Driver','Active',NULL,'2019-12-19T17:00:00.000Z',NULL,NULL,'2026-05-08T09:19:27.808Z','2026-05-15T03:48:40.220Z',NULL,'anousone.keodara@dc.com','ພາສາອັງກິດດີ',NULL,NULL,NULL,'Xiengkhouang',NULL,'Ban Watnak','Kasi','Intern',1) ON CONFLICT DO NOTHING;
INSERT INTO "employees" ("employee_id","employee_code","company_id","firstname","lastname","gender","date_of_birth","nationality","contact_no","position","status","resigned_reason","hired_at","resigned_at","deleted_at","created_at","updated_at","fullname","email","notes","photo","room_no","office_building","province","dormitory","village","district","employee_type","room_id") VALUES (93,'DC027',2,'Lattana','Phanthalath','Female','1987-03-29T17:00:00.000Z','Thai','02096354736','Graphic Designer','On Leave',NULL,'2022-12-12T17:00:00.000Z',NULL,NULL,'2026-05-08T09:19:27.808Z','2026-05-15T03:48:40.220Z',NULL,'lattana.phanthalath@dc.com','ຈ່ອງໃຈ ແລະ ຕັ້ງໃຈ',NULL,NULL,NULL,'Sekong',NULL,'Ban Phontan','Thakhek','Full-time',NULL) ON CONFLICT DO NOTHING;
INSERT INTO "employees" ("employee_id","employee_code","company_id","firstname","lastname","gender","date_of_birth","nationality","contact_no","position","status","resigned_reason","hired_at","resigned_at","deleted_at","created_at","updated_at","fullname","email","notes","photo","room_no","office_building","province","dormitory","village","district","employee_type","room_id") VALUES (94,'ATT001',7,'Somsak','Keovongsa','Male','1991-12-17T17:00:00.000Z','Lao','02061015932','IT Officer','On Leave',NULL,'2025-04-13T17:00:00.000Z',NULL,NULL,'2026-05-08T09:19:27.809Z','2026-05-15T03:48:40.221Z',NULL,'somsak.keovongsa@att.com','ພະນັກງານທີ່ດີ, ຕັ້ງໃຈເຮັດວຽກ',NULL,NULL,NULL,'Oudomxay',NULL,'Ban Mixay','Savannakhet','Full-time',NULL) ON CONFLICT DO NOTHING;
INSERT INTO "employees" ("employee_id","employee_code","company_id","firstname","lastname","gender","date_of_birth","nationality","contact_no","position","status","resigned_reason","hired_at","resigned_at","deleted_at","created_at","updated_at","fullname","email","notes","photo","room_no","office_building","province","dormitory","village","district","employee_type","room_id") VALUES (95,'ATT002',7,'Khamla','Vongkhamphanh','Female','1991-06-01T17:00:00.000Z','Chinese','02069414880','Finance Officer','Resigned','ຍ້າຍໄປຢູ່ຕ່າງແຂວງ','2020-12-30T17:00:00.000Z','2024-12-17T17:00:00.000Z',NULL,'2026-05-08T09:19:27.809Z','2026-05-15T03:48:40.221Z',NULL,'khamla.vongkhamphanh@att.com','ພາສາອັງກິດດີ',NULL,NULL,NULL,'Khammouane',NULL,'Ban Phontan','Sangthong','Full-time',NULL) ON CONFLICT DO NOTHING;
INSERT INTO "employees" ("employee_id","employee_code","company_id","firstname","lastname","gender","date_of_birth","nationality","contact_no","position","status","resigned_reason","hired_at","resigned_at","deleted_at","created_at","updated_at","fullname","email","notes","photo","room_no","office_building","province","dormitory","village","district","employee_type","room_id") VALUES (96,'ATT003',7,'Bounmy','Sengaloun','Female','1998-04-03T17:00:00.000Z','Lao','02062181784','Admin Officer','Resigned','ຍ້ອນສະຖານະການຄອບຄົວ','2019-03-08T17:00:00.000Z','2020-09-23T17:00:00.000Z',NULL,'2026-05-08T09:19:27.810Z','2026-05-15T03:48:40.221Z',NULL,'bounmy.sengaloun@att.com','ຂຽນ code ໄດ້ຫຼາຍພາສາ',NULL,NULL,NULL,'Luang Prabang',NULL,'Ban Naxay','Thakhek','Part-time',NULL) ON CONFLICT DO NOTHING;
INSERT INTO "employees" ("employee_id","employee_code","company_id","firstname","lastname","gender","date_of_birth","nationality","contact_no","position","status","resigned_reason","hired_at","resigned_at","deleted_at","created_at","updated_at","fullname","email","notes","photo","room_no","office_building","province","dormitory","village","district","employee_type","room_id") VALUES (97,'ATT004',7,'Vilay','Keodara','Male','1996-03-07T17:00:00.000Z','Vietnamese','02071397844','Graphic Designer','Active',NULL,'2023-09-15T17:00:00.000Z',NULL,NULL,'2026-05-08T09:19:27.810Z','2026-05-15T03:48:40.222Z',NULL,'vilay.keodara@att.com','ລາຄາເທດສະຫຼາດ, ຮຽນໄວ',NULL,NULL,NULL,'Khammouane',NULL,'Ban Nontha','Phonhong','Full-time',NULL) ON CONFLICT DO NOTHING;
INSERT INTO "employees" ("employee_id","employee_code","company_id","firstname","lastname","gender","date_of_birth","nationality","contact_no","position","status","resigned_reason","hired_at","resigned_at","deleted_at","created_at","updated_at","fullname","email","notes","photo","room_no","office_building","province","dormitory","village","district","employee_type","room_id") VALUES (98,'ATT005',7,'Nouphone','Phanthalath','Female','1994-07-02T17:00:00.000Z','Lao','02062554569','Programmer','Active',NULL,'2018-11-11T17:00:00.000Z',NULL,NULL,'2026-05-08T09:19:27.811Z','2026-05-15T03:48:40.222Z',NULL,'nouphone.phanthalath@att.com','ເຮັດວຽກໄດ້ດີ ໂດຍສະເພາະດ້ານ Finance',NULL,NULL,NULL,'Khammouane',NULL,'Ban Hatsady','Sisattanak','Full-time',NULL) ON CONFLICT DO NOTHING;
INSERT INTO "employees" ("employee_id","employee_code","company_id","firstname","lastname","gender","date_of_birth","nationality","contact_no","position","status","resigned_reason","hired_at","resigned_at","deleted_at","created_at","updated_at","fullname","email","notes","photo","room_no","office_building","province","dormitory","village","district","employee_type","room_id") VALUES (99,'ATT006',7,'Daovone','Keovongsa','Female','1981-09-03T17:00:00.000Z','Vietnamese','02062464660','Business Analyst','Resigned','ໄປສຶກສາຕໍ່ຕ່າງປະເທດ','2018-11-08T17:00:00.000Z','2021-10-03T17:00:00.000Z',NULL,'2026-05-08T09:19:27.811Z','2026-05-15T03:48:40.222Z',NULL,'daovone.keovongsa@att.com','ຈັດການໄດ້ດີ, ເຊື່ອຖືໄດ້',NULL,NULL,NULL,'Xiengkhouang',NULL,'Ban Hatsady','Sangthong','Full-time',NULL) ON CONFLICT DO NOTHING;
INSERT INTO "employees" ("employee_id","employee_code","company_id","firstname","lastname","gender","date_of_birth","nationality","contact_no","position","status","resigned_reason","hired_at","resigned_at","deleted_at","created_at","updated_at","fullname","email","notes","photo","room_no","office_building","province","dormitory","village","district","employee_type","room_id") VALUES (100,'ATT007',7,'Phimpha','Vongkhamphanh','Female','1997-12-10T17:00:00.000Z','Lao','02079439274','IT Officer','Active',NULL,'2019-11-08T17:00:00.000Z',NULL,NULL,'2026-05-08T09:19:27.811Z','2026-05-15T03:48:40.223Z',NULL,'phimpha.vongkhamphanh@att.com','ຂຽນ code ໄດ້ຫຼາຍພາສາ',NULL,NULL,NULL,'Oudomxay',NULL,'Ban Simuang','Pakxan','Full-time',NULL) ON CONFLICT DO NOTHING;
INSERT INTO "employees" ("employee_id","employee_code","company_id","firstname","lastname","gender","date_of_birth","nationality","contact_no","position","status","resigned_reason","hired_at","resigned_at","deleted_at","created_at","updated_at","fullname","email","notes","photo","room_no","office_building","province","dormitory","village","district","employee_type","room_id") VALUES (101,'ATT008',7,'Sengphet','Sengaloun','Male','1987-07-03T17:00:00.000Z','Lao','02078245029','Accountant','Resigned','ລາຍໄດ້ຕ່ຳກວ່າທີ່ຄາດ','2023-06-01T17:00:00.000Z','2023-10-16T17:00:00.000Z',NULL,'2026-05-08T09:19:27.812Z','2026-05-15T03:48:40.223Z',NULL,'sengphet.sengaloun@att.com','ຊ່ຽວຊານ Excel ແລະ Data Analysis',NULL,NULL,NULL,'Vientiane Prefecture',NULL,'Ban Mixay','Thakhek','Contract',NULL) ON CONFLICT DO NOTHING;
INSERT INTO "employees" ("employee_id","employee_code","company_id","firstname","lastname","gender","date_of_birth","nationality","contact_no","position","status","resigned_reason","hired_at","resigned_at","deleted_at","created_at","updated_at","fullname","email","notes","photo","room_no","office_building","province","dormitory","village","district","employee_type","room_id") VALUES (102,'ATT009',7,'Anousone','Keodara','Male','1999-11-18T17:00:00.000Z','Vietnamese','02070938849','Security Officer','Active',NULL,'2023-07-02T17:00:00.000Z',NULL,NULL,'2026-05-08T09:19:27.812Z','2026-05-15T03:48:40.223Z',NULL,'anousone.keodara@att.com','ຈ່ອງໃຈ ແລະ ຕັ້ງໃຈ',NULL,NULL,NULL,'Phongsaly',NULL,'Ban Mixay','Naxaithong','Full-time',1) ON CONFLICT DO NOTHING;
INSERT INTO "employees" ("employee_id","employee_code","company_id","firstname","lastname","gender","date_of_birth","nationality","contact_no","position","status","resigned_reason","hired_at","resigned_at","deleted_at","created_at","updated_at","fullname","email","notes","photo","room_no","office_building","province","dormitory","village","district","employee_type","room_id") VALUES (103,'ATT010',7,'Lattana','Phanthalath','Female','1999-04-07T17:00:00.000Z','Lao','02079701451','Sales Executive','Active',NULL,'2019-12-05T17:00:00.000Z',NULL,NULL,'2026-05-08T09:19:27.813Z','2026-05-15T03:48:40.224Z',NULL,'lattana.phanthalath@att.com','ຈັດການໄດ້ດີ, ເຊື່ອຖືໄດ້',NULL,NULL,NULL,'Attapeu',NULL,'Ban Phonxai','Xaysetha','Full-time',NULL) ON CONFLICT DO NOTHING;
INSERT INTO "employees" ("employee_id","employee_code","company_id","firstname","lastname","gender","date_of_birth","nationality","contact_no","position","status","resigned_reason","hired_at","resigned_at","deleted_at","created_at","updated_at","fullname","email","notes","photo","room_no","office_building","province","dormitory","village","district","employee_type","room_id") VALUES (104,'PGS002',8,'Somsak','Keovongsa','Male','1980-06-07T17:00:00.000Z','Lao','02097494057','Accountant','Active',NULL,'2018-11-14T17:00:00.000Z',NULL,NULL,'2026-05-08T09:19:27.814Z','2026-05-15T03:48:40.224Z',NULL,'somsak.keovongsa@pgs.com','ຊ່ຽວຊານດ້ານ Marketing',NULL,NULL,NULL,'Saravane',NULL,'Ban Phonxai','Sangthong','Intern',NULL) ON CONFLICT DO NOTHING;
INSERT INTO "employees" ("employee_id","employee_code","company_id","firstname","lastname","gender","date_of_birth","nationality","contact_no","position","status","resigned_reason","hired_at","resigned_at","deleted_at","created_at","updated_at","fullname","email","notes","photo","room_no","office_building","province","dormitory","village","district","employee_type","room_id") VALUES (105,'PGS003',8,'Khamla','Vongkhamphanh','Female','1982-04-18T17:00:00.000Z','Lao','02080319214','Procurement Officer','Active',NULL,'2019-09-30T17:00:00.000Z',NULL,NULL,'2026-05-08T09:19:27.814Z','2026-05-15T03:48:40.225Z',NULL,'khamla.vongkhamphanh@pgs.com','ຈັດການໄດ້ດີ, ເຊື່ອຖືໄດ້',NULL,NULL,NULL,'Savannakhet',NULL,'Ban Phiavat','Thakhek','Part-time',NULL) ON CONFLICT DO NOTHING;
INSERT INTO "employees" ("employee_id","employee_code","company_id","firstname","lastname","gender","date_of_birth","nationality","contact_no","position","status","resigned_reason","hired_at","resigned_at","deleted_at","created_at","updated_at","fullname","email","notes","photo","room_no","office_building","province","dormitory","village","district","employee_type","room_id") VALUES (106,'PGS004',8,'Bounmy','Sengaloun','Female','1995-01-15T17:00:00.000Z','Lao','02067564185','Admin Officer','Active',NULL,'2023-12-29T17:00:00.000Z',NULL,NULL,'2026-05-08T09:19:27.814Z','2026-05-18T04:03:55.550Z',NULL,'bounmy.sengaloun@pgs.com','ພະນັກງານໃໝ່, ມີທ່າທາງດີ',NULL,NULL,NULL,'Savannakhet',NULL,'Ban Nontha','Savannakhet','Contract',5) ON CONFLICT DO NOTHING;
INSERT INTO "employees" ("employee_id","employee_code","company_id","firstname","lastname","gender","date_of_birth","nationality","contact_no","position","status","resigned_reason","hired_at","resigned_at","deleted_at","created_at","updated_at","fullname","email","notes","photo","room_no","office_building","province","dormitory","village","district","employee_type","room_id") VALUES (107,'PGS005',8,'Vilay','Keodara','Male','1999-03-09T17:00:00.000Z','Thai','02055264377','IT Officer','Active',NULL,'2020-01-09T17:00:00.000Z',NULL,NULL,'2026-05-08T09:19:27.815Z','2026-05-15T03:48:40.225Z',NULL,'vilay.keodara@pgs.com','ຊ່ຽວຊານດ້ານ Marketing',NULL,NULL,NULL,'Luang Prabang',NULL,'Ban Simuang','Pakxan','Full-time',NULL) ON CONFLICT DO NOTHING;
INSERT INTO "employees" ("employee_id","employee_code","company_id","firstname","lastname","gender","date_of_birth","nationality","contact_no","position","status","resigned_reason","hired_at","resigned_at","deleted_at","created_at","updated_at","fullname","email","notes","photo","room_no","office_building","province","dormitory","village","district","employee_type","room_id") VALUES (108,'PGS006',8,'Nouphone','Phanthalath','Female','1986-06-30T17:00:00.000Z','Lao','02063090745','Accountant','Resigned','ຕ້ອງການພັກຜ່ອນ','2020-02-12T17:00:00.000Z','2023-11-01T17:00:00.000Z',NULL,'2026-05-08T09:19:27.815Z','2026-05-15T03:48:40.226Z',NULL,'nouphone.phanthalath@pgs.com','ມີທັກສະດ້ານ IT ດີ',NULL,NULL,NULL,'Khammouane',NULL,'Ban Watnak','Xaythany','Contract',NULL) ON CONFLICT DO NOTHING;
INSERT INTO "employees" ("employee_id","employee_code","company_id","firstname","lastname","gender","date_of_birth","nationality","contact_no","position","status","resigned_reason","hired_at","resigned_at","deleted_at","created_at","updated_at","fullname","email","notes","photo","room_no","office_building","province","dormitory","village","district","employee_type","room_id") VALUES (109,'PGS007',8,'Daovone','Keovongsa','Female','1983-02-03T17:00:00.000Z','Lao','02084707026','Procurement Officer','Active',NULL,'2025-01-18T17:00:00.000Z',NULL,NULL,'2026-05-08T09:19:27.816Z','2026-05-15T03:48:40.226Z',NULL,'daovone.keovongsa@pgs.com','ລາຄາເທດສະຫຼາດ, ຮຽນໄວ',NULL,NULL,NULL,'Attapeu',NULL,'Ban Nontha','Thakhek','Full-time',NULL) ON CONFLICT DO NOTHING;
INSERT INTO "employees" ("employee_id","employee_code","company_id","firstname","lastname","gender","date_of_birth","nationality","contact_no","position","status","resigned_reason","hired_at","resigned_at","deleted_at","created_at","updated_at","fullname","email","notes","photo","room_no","office_building","province","dormitory","village","district","employee_type","room_id") VALUES (110,'PGS008',8,'Phimpha','Vongkhamphanh','Female','1987-12-06T17:00:00.000Z','Lao','02074802002','Programmer','Active',NULL,'2024-08-29T17:00:00.000Z',NULL,NULL,'2026-05-08T09:19:27.816Z','2026-05-15T03:48:40.227Z',NULL,'phimpha.vongkhamphanh@pgs.com','ມີຄວາມສາມາດດ້ານການຄຸ້ມຄອງ',NULL,NULL,NULL,'Huaphan',NULL,'Ban Phiavat','Xaythany','Intern',NULL) ON CONFLICT DO NOTHING;
INSERT INTO "employees" ("employee_id","employee_code","company_id","firstname","lastname","gender","date_of_birth","nationality","contact_no","position","status","resigned_reason","hired_at","resigned_at","deleted_at","created_at","updated_at","fullname","email","notes","photo","room_no","office_building","province","dormitory","village","district","employee_type","room_id") VALUES (111,'PGS009',8,'Sengphet','Sengaloun','Male','1995-12-16T17:00:00.000Z','Vietnamese','02081594426','Accountant','Active',NULL,'2018-08-19T17:00:00.000Z',NULL,NULL,'2026-05-08T09:19:27.816Z','2026-05-15T03:48:40.227Z',NULL,'sengphet.sengaloun@pgs.com','ພະນັກງານໃໝ່, ມີທ່າທາງດີ',NULL,NULL,NULL,'Xiengkhouang',NULL,'Ban Nongbone','Xaysetha','Full-time',NULL) ON CONFLICT DO NOTHING;
INSERT INTO "employees" ("employee_id","employee_code","company_id","firstname","lastname","gender","date_of_birth","nationality","contact_no","position","status","resigned_reason","hired_at","resigned_at","deleted_at","created_at","updated_at","fullname","email","notes","photo","room_no","office_building","province","dormitory","village","district","employee_type","room_id") VALUES (112,'PGS010',8,'Anousone','Keodara','Male','1997-02-10T17:00:00.000Z','Lao','02079463327','Admin Officer','Active',NULL,'2021-04-10T17:00:00.000Z',NULL,NULL,'2026-05-08T09:19:27.817Z','2026-05-15T03:48:40.227Z',NULL,'anousone.keodara@pgs.com','ຊ່ຽວຊານ Excel ແລະ Data Analysis',NULL,NULL,NULL,'Savannakhet',NULL,'Ban Phonxai','Sisattanak','Contract',1) ON CONFLICT DO NOTHING;
INSERT INTO "employees" ("employee_id","employee_code","company_id","firstname","lastname","gender","date_of_birth","nationality","contact_no","position","status","resigned_reason","hired_at","resigned_at","deleted_at","created_at","updated_at","fullname","email","notes","photo","room_no","office_building","province","dormitory","village","district","employee_type","room_id") VALUES (113,'PGS011',8,'Lattana','Phanthalath','Female','2002-07-24T17:00:00.000Z','Lao','02070787366','Technician','Active',NULL,'2020-03-04T17:00:00.000Z',NULL,NULL,'2026-05-08T09:19:27.817Z','2026-05-15T03:48:40.228Z',NULL,'lattana.phanthalath@pgs.com','ຈັດການໄດ້ດີ, ເຊື່ອຖືໄດ້',NULL,NULL,NULL,'Bokeo',NULL,'Ban Hatsady','Savannakhet','Full-time',NULL) ON CONFLICT DO NOTHING;
INSERT INTO "employees" ("employee_id","employee_code","company_id","firstname","lastname","gender","date_of_birth","nationality","contact_no","position","status","resigned_reason","hired_at","resigned_at","deleted_at","created_at","updated_at","fullname","email","notes","photo","room_no","office_building","province","dormitory","village","district","employee_type","room_id") VALUES (114,'AT2001',9,'Somsak','Keovongsa','Male','1980-12-28T17:00:00.000Z','Lao','02059792155','Procurement Officer','Resigned','ສັນຍາໝົດ, ບໍ່ຕໍ່','2021-08-10T17:00:00.000Z','2023-05-22T17:00:00.000Z',NULL,'2026-05-08T09:19:27.817Z','2026-05-15T03:48:40.228Z',NULL,'somsak.keovongsa@at2.com','ເຮັດວຽກໄດ້ດີ ໂດຍສະເພາະດ້ານ Finance',NULL,NULL,NULL,'Huaphan',NULL,'Ban Phiavat','Pakxan','Contract',NULL) ON CONFLICT DO NOTHING;
INSERT INTO "employees" ("employee_id","employee_code","company_id","firstname","lastname","gender","date_of_birth","nationality","contact_no","position","status","resigned_reason","hired_at","resigned_at","deleted_at","created_at","updated_at","fullname","email","notes","photo","room_no","office_building","province","dormitory","village","district","employee_type","room_id") VALUES (115,'AT2002',9,'Khamla','Vongkhamphanh','Female','1983-05-26T17:00:00.000Z','Lao','02065844297','Sales Executive','On Leave',NULL,'2024-10-15T17:00:00.000Z',NULL,NULL,'2026-05-08T09:19:27.818Z','2026-05-15T03:48:40.228Z',NULL,'khamla.vongkhamphanh@at2.com','ຊ່ຽວຊານດ້ານ Marketing',NULL,NULL,NULL,'Sekong',NULL,'Ban Hatsady','Naxaithong','Contract',NULL) ON CONFLICT DO NOTHING;
INSERT INTO "employees" ("employee_id","employee_code","company_id","firstname","lastname","gender","date_of_birth","nationality","contact_no","position","status","resigned_reason","hired_at","resigned_at","deleted_at","created_at","updated_at","fullname","email","notes","photo","room_no","office_building","province","dormitory","village","district","employee_type","room_id") VALUES (116,'AT2003',9,'Bounmy','Sengaloun','Female','1988-03-28T17:00:00.000Z','Lao','02059258359','Project Manager','On Leave',NULL,'2018-04-11T17:00:00.000Z',NULL,NULL,'2026-05-08T09:19:27.818Z','2026-05-15T03:48:40.229Z',NULL,'bounmy.sengaloun@at2.com','ຂຽນ code ໄດ້ຫຼາຍພາສາ',NULL,'204',NULL,'Champasak','ຕືກທີ 2','Ban Namphou','Hadxayfong','Full-time',4) ON CONFLICT DO NOTHING;
INSERT INTO "employees" ("employee_id","employee_code","company_id","firstname","lastname","gender","date_of_birth","nationality","contact_no","position","status","resigned_reason","hired_at","resigned_at","deleted_at","created_at","updated_at","fullname","email","notes","photo","room_no","office_building","province","dormitory","village","district","employee_type","room_id") VALUES (117,'AT2004',9,'Vilay','Keodara','Male','1998-11-19T17:00:00.000Z','Lao','02082443999','Sales Executive','Active',NULL,'2023-06-27T17:00:00.000Z',NULL,NULL,'2026-05-08T09:19:27.819Z','2026-05-15T03:48:40.229Z',NULL,'vilay.keodara@at2.com','ຂຽນ code ໄດ້ຫຼາຍພາສາ',NULL,NULL,NULL,'Huaphan',NULL,'Ban Phiavat','Xaysetha','Full-time',NULL) ON CONFLICT DO NOTHING;
INSERT INTO "employees" ("employee_id","employee_code","company_id","firstname","lastname","gender","date_of_birth","nationality","contact_no","position","status","resigned_reason","hired_at","resigned_at","deleted_at","created_at","updated_at","fullname","email","notes","photo","room_no","office_building","province","dormitory","village","district","employee_type","room_id") VALUES (118,'AT2005',9,'Nouphone','Phanthalath','Female','1999-12-13T17:00:00.000Z','Lao','02073403024','Software Engineer','Active',NULL,'2025-02-22T17:00:00.000Z',NULL,NULL,'2026-05-08T09:19:27.819Z','2026-05-15T03:48:40.229Z',NULL,'nouphone.phanthalath@at2.com','ພາສາອັງກິດດີ',NULL,NULL,NULL,'Oudomxay',NULL,'Ban Naxay','Xaythany','Full-time',NULL) ON CONFLICT DO NOTHING;
INSERT INTO "employees" ("employee_id","employee_code","company_id","firstname","lastname","gender","date_of_birth","nationality","contact_no","position","status","resigned_reason","hired_at","resigned_at","deleted_at","created_at","updated_at","fullname","email","notes","photo","room_no","office_building","province","dormitory","village","district","employee_type","room_id") VALUES (119,'AT2006',9,'Daovone','Keovongsa','Female','1981-03-07T17:00:00.000Z','Lao','02077421398','Marketing Officer','Active',NULL,'2019-04-14T17:00:00.000Z',NULL,NULL,'2026-05-08T09:19:27.819Z','2026-05-15T03:48:40.230Z',NULL,'daovone.keovongsa@at2.com','ສຸຂະພາບດີ ເຮັດວຽກໄດ້ເຕັມທີ່',NULL,NULL,NULL,'Attapeu',NULL,'Ban Phonthan','Pakxan','Intern',2) ON CONFLICT DO NOTHING;
INSERT INTO "employees" ("employee_id","employee_code","company_id","firstname","lastname","gender","date_of_birth","nationality","contact_no","position","status","resigned_reason","hired_at","resigned_at","deleted_at","created_at","updated_at","fullname","email","notes","photo","room_no","office_building","province","dormitory","village","district","employee_type","room_id") VALUES (120,'AT2007',9,'Phimpha','Vongkhamphanh','Female','1987-05-18T17:00:00.000Z','Chinese','02092650593','Security Officer','Resigned','ລາຍໄດ້ຕ່ຳກວ່າທີ່ຄາດ','2022-09-26T17:00:00.000Z','2023-10-10T17:00:00.000Z',NULL,'2026-05-08T09:19:27.820Z','2026-05-15T03:48:40.230Z',NULL,'phimpha.vongkhamphanh@at2.com','ເຮັດວຽກໄດ້ດີ ໂດຍສະເພາະດ້ານ Finance',NULL,NULL,NULL,'Huaphan',NULL,'Ban Phonxai','Sikhottabong','Contract',NULL) ON CONFLICT DO NOTHING;
INSERT INTO "employees" ("employee_id","employee_code","company_id","firstname","lastname","gender","date_of_birth","nationality","contact_no","position","status","resigned_reason","hired_at","resigned_at","deleted_at","created_at","updated_at","fullname","email","notes","photo","room_no","office_building","province","dormitory","village","district","employee_type","room_id") VALUES (121,'AT2008',9,'Sengphet','Sengaloun','Male','1991-12-02T17:00:00.000Z','Thai','02059280982','Accountant','Resigned','ຍ້າຍໄປຢູ່ຕ່າງແຂວງ','2021-01-21T17:00:00.000Z','2021-04-28T17:00:00.000Z',NULL,'2026-05-08T09:19:27.820Z','2026-05-15T03:48:40.230Z',NULL,'sengphet.sengaloun@at2.com','ພາສາອັງກິດດີ',NULL,NULL,NULL,'Saravane',NULL,'Ban Naxay','Hadxayfong','Full-time',NULL) ON CONFLICT DO NOTHING;
INSERT INTO "employees" ("employee_id","employee_code","company_id","firstname","lastname","gender","date_of_birth","nationality","contact_no","position","status","resigned_reason","hired_at","resigned_at","deleted_at","created_at","updated_at","fullname","email","notes","photo","room_no","office_building","province","dormitory","village","district","employee_type","room_id") VALUES (122,'AT2009',9,'Anousone','Keodara','Male','1984-04-23T17:00:00.000Z','Lao','02074868041','Receptionist','Active',NULL,'2022-09-07T17:00:00.000Z',NULL,NULL,'2026-05-08T09:19:27.820Z','2026-05-15T03:48:40.231Z',NULL,'anousone.keodara@at2.com','ຈ່ອງໃຈ ແລະ ຕັ້ງໃຈ',NULL,NULL,NULL,'Oudomxay',NULL,'Ban Thatkhao','Vangvieng','Full-time',2) ON CONFLICT DO NOTHING;
INSERT INTO "employees" ("employee_id","employee_code","company_id","firstname","lastname","gender","date_of_birth","nationality","contact_no","position","status","resigned_reason","hired_at","resigned_at","deleted_at","created_at","updated_at","fullname","email","notes","photo","room_no","office_building","province","dormitory","village","district","employee_type","room_id") VALUES (123,'AT2010',9,'Lattana','Phanthalath','Female','1993-12-06T17:00:00.000Z','Vietnamese','02075444816','HR Manager','Active',NULL,'2019-06-13T17:00:00.000Z',NULL,NULL,'2026-05-08T09:19:27.820Z','2026-05-15T03:48:40.231Z',NULL,'lattana.phanthalath@at2.com','ລາຄາເທດສະຫຼາດ, ຮຽນໄວ',NULL,NULL,NULL,'Champasak',NULL,'Ban Simuang','Naxaithong','Full-time',NULL) ON CONFLICT DO NOTHING;
INSERT INTO "employees" ("employee_id","employee_code","company_id","firstname","lastname","gender","date_of_birth","nationality","contact_no","position","status","resigned_reason","hired_at","resigned_at","deleted_at","created_at","updated_at","fullname","email","notes","photo","room_no","office_building","province","dormitory","village","district","employee_type","room_id") VALUES (124,'SVK001',10,'Somsak','Keovongsa','Male',NULL,'Lao','02073202516','Legal Officer','Active',NULL,'2025-04-20T17:00:00.000Z',NULL,NULL,'2026-05-08T09:19:27.821Z','2026-05-15T03:55:58.145Z',NULL,'somsak.keovongsa@svk.com','ພະນັກງານທີ່ດີ, ຕັ້ງໃຈເຮັດວຽກ',NULL,'402',NULL,'Huaphan','ຕືກທີ 4','Ban Phiavat','Vangvieng','Full-time',380) ON CONFLICT DO NOTHING;
INSERT INTO "employees" ("employee_id","employee_code","company_id","firstname","lastname","gender","date_of_birth","nationality","contact_no","position","status","resigned_reason","hired_at","resigned_at","deleted_at","created_at","updated_at","fullname","email","notes","photo","room_no","office_building","province","dormitory","village","district","employee_type","room_id") VALUES (125,'SVK002',10,'Khamla','Vongkhamphanh','Female','2002-07-03T17:00:00.000Z','Lao','02080133719','Data Analyst','Active',NULL,'2021-12-22T17:00:00.000Z',NULL,NULL,'2026-05-08T09:19:27.821Z','2026-05-15T03:48:40.232Z',NULL,'khamla.vongkhamphanh@svk.com','ມີທັກສະດ້ານ IT ດີ',NULL,'202',NULL,'Xiengkhouang','ຕືກທີ 2','Ban Mixay','Sangthong','Full-time',2) ON CONFLICT DO NOTHING;
INSERT INTO "employees" ("employee_id","employee_code","company_id","firstname","lastname","gender","date_of_birth","nationality","contact_no","position","status","resigned_reason","hired_at","resigned_at","deleted_at","created_at","updated_at","fullname","email","notes","photo","room_no","office_building","province","dormitory","village","district","employee_type","room_id") VALUES (126,'SVK003',10,'Bounmy','Sengaloun','Female','1996-05-21T17:00:00.000Z','Chinese','02074835456','HR Manager','Active',NULL,'2025-06-13T17:00:00.000Z',NULL,NULL,'2026-05-08T09:19:27.821Z','2026-05-18T04:04:01.001Z',NULL,'bounmy.sengaloun@svk.com','ເຮັດວຽກໄດ້ດີ ໂດຍສະເພາະດ້ານ Finance',NULL,NULL,NULL,'Champasak',NULL,'Ban Naxay','Sisattanak','Full-time',5) ON CONFLICT DO NOTHING;
INSERT INTO "employees" ("employee_id","employee_code","company_id","firstname","lastname","gender","date_of_birth","nationality","contact_no","position","status","resigned_reason","hired_at","resigned_at","deleted_at","created_at","updated_at","fullname","email","notes","photo","room_no","office_building","province","dormitory","village","district","employee_type","room_id") VALUES (127,'SVK004',10,'Vilay','Keodara','Male','2000-08-13T17:00:00.000Z','Lao','02061765632','Finance Officer','Active',NULL,'2020-12-16T17:00:00.000Z',NULL,NULL,'2026-05-08T09:19:27.823Z','2026-05-15T03:48:40.232Z',NULL,'vilay.keodara@svk.com','ມີປະສົບການດ້ານ HR 3 ປີ',NULL,'202',NULL,'Khammouane','ຕືກທີ 2','Ban Hatsady','Kasi','Intern',2) ON CONFLICT DO NOTHING;
INSERT INTO "employees" ("employee_id","employee_code","company_id","firstname","lastname","gender","date_of_birth","nationality","contact_no","position","status","resigned_reason","hired_at","resigned_at","deleted_at","created_at","updated_at","fullname","email","notes","photo","room_no","office_building","province","dormitory","village","district","employee_type","room_id") VALUES (128,'SVK005',10,'Nouphone','Phanthalath','Female','1991-12-14T17:00:00.000Z','Vietnamese','02074354148','IT Officer','Active',NULL,'2024-09-21T17:00:00.000Z',NULL,NULL,'2026-05-08T09:19:27.823Z','2026-05-15T03:48:40.232Z',NULL,'nouphone.phanthalath@svk.com','ຂຽນ code ໄດ້ຫຼາຍພາສາ',NULL,'203',NULL,'Saravane','ຕືກທີ 2','Ban Dongpalane','Phonhong','Part-time',3) ON CONFLICT DO NOTHING;
INSERT INTO "employees" ("employee_id","employee_code","company_id","firstname","lastname","gender","date_of_birth","nationality","contact_no","position","status","resigned_reason","hired_at","resigned_at","deleted_at","created_at","updated_at","fullname","email","notes","photo","room_no","office_building","province","dormitory","village","district","employee_type","room_id") VALUES (129,'SVK006',10,'Daovone','Keovongsa','Female','2000-08-01T17:00:00.000Z','Lao','02095789542','Project Manager','On Leave',NULL,'2023-10-28T17:00:00.000Z',NULL,NULL,'2026-05-08T09:19:27.823Z','2026-05-15T03:48:40.233Z',NULL,'daovone.keovongsa@svk.com','ພະນັກງານໃໝ່, ມີທ່າທາງດີ',NULL,'203',NULL,'Xiengkhouang','ຕືກທີ 2','Ban Thatkhao','Mayparkngum','Full-time',3) ON CONFLICT DO NOTHING;
INSERT INTO "employees" ("employee_id","employee_code","company_id","firstname","lastname","gender","date_of_birth","nationality","contact_no","position","status","resigned_reason","hired_at","resigned_at","deleted_at","created_at","updated_at","fullname","email","notes","photo","room_no","office_building","province","dormitory","village","district","employee_type","room_id") VALUES (130,'SVK007',10,'Phimpha','Vongkhamphanh','Female','2000-11-12T17:00:00.000Z','Lao','02088372809','Data Analyst','Active',NULL,'2023-05-26T17:00:00.000Z',NULL,NULL,'2026-05-08T09:19:27.827Z','2026-05-15T03:48:40.233Z',NULL,'phimpha.vongkhamphanh@svk.com','ພະນັກງານໃໝ່, ມີທ່າທາງດີ',NULL,'203',NULL,'Luang Prabang','ຕືກທີ 2','Ban Phonxay','Xaythany','Intern',3) ON CONFLICT DO NOTHING;
INSERT INTO "employees" ("employee_id","employee_code","company_id","firstname","lastname","gender","date_of_birth","nationality","contact_no","position","status","resigned_reason","hired_at","resigned_at","deleted_at","created_at","updated_at","fullname","email","notes","photo","room_no","office_building","province","dormitory","village","district","employee_type","room_id") VALUES (131,'SVK008',10,'Sengphet','Sengaloun','Male',NULL,'Chinese','02062358158','Business Analyst','Active',NULL,'2018-11-15T17:00:00.000Z',NULL,NULL,'2026-05-08T09:19:27.828Z','2026-05-15T03:55:47.758Z',NULL,'sengphet.sengaloun@svk.com','ຈັດການໄດ້ດີ, ເຊື່ອຖືໄດ້',NULL,'502',NULL,'Vientiane','ຕືກທີ 3','Ban Phonthan','Chanthabouly','Full-time',233) ON CONFLICT DO NOTHING;
INSERT INTO "employees" ("employee_id","employee_code","company_id","firstname","lastname","gender","date_of_birth","nationality","contact_no","position","status","resigned_reason","hired_at","resigned_at","deleted_at","created_at","updated_at","fullname","email","notes","photo","room_no","office_building","province","dormitory","village","district","employee_type","room_id") VALUES (132,'SVK009',10,'Anousone','Keodara','Male','1997-12-08T17:00:00.000Z','Chinese','02063896492','Security Officer','On Leave',NULL,'2022-08-13T17:00:00.000Z',NULL,NULL,'2026-05-08T09:19:27.828Z','2026-05-15T03:48:40.234Z',NULL,'anousone.keodara@svk.com','ລາຄາເທດສະຫຼາດ, ຮຽນໄວ',NULL,'302','2','Savannakhet',NULL,'Ban Nongbone','Vangvieng','Part-time',NULL) ON CONFLICT DO NOTHING;
INSERT INTO "employees" ("employee_id","employee_code","company_id","firstname","lastname","gender","date_of_birth","nationality","contact_no","position","status","resigned_reason","hired_at","resigned_at","deleted_at","created_at","updated_at","fullname","email","notes","photo","room_no","office_building","province","dormitory","village","district","employee_type","room_id") VALUES (133,'SVK010',10,'Lattana','Phanthalath','Female',NULL,'Lao','02071073573','Marketing Officer','Resigned',NULL,'2019-06-27T17:00:00.000Z',NULL,NULL,'2026-05-08T09:19:27.829Z','2026-05-19T09:03:09.813Z',NULL,'lattana.phanthalath@svk.com','ເຄີຍຮ່ວມໂຄງການໃຫຍ່',NULL,'204',NULL,'Savannakhet','ຕືກທີ 2','Ban Phonthan','Sikhottabong','Part-time',4) ON CONFLICT DO NOTHING;
-- (108 rows)

-- ===== EMPLOYEE_CARD =====
INSERT INTO "employee_card" ("card_id","employee_id","company_id","card_no","status","issued_at","issued_by","printed_at","revoked_at","revoked_reason","returned_at","returned_by","card_color") VALUES (5,131,10,'CARD-S578-9585','Active','2026-05-09T17:00:00.000Z',9,'2026-05-19T08:13:40.502Z',NULL,NULL,NULL,NULL,'#1e3a8a') ON CONFLICT DO NOTHING;
INSERT INTO "employee_card" ("card_id","employee_id","company_id","card_no","status","issued_at","issued_by","printed_at","revoked_at","revoked_reason","returned_at","returned_by","card_color") VALUES (6,130,10,'CARD-S567-9786','Active','2026-05-09T17:00:00.000Z',9,'2026-05-19T08:13:40.502Z',NULL,NULL,NULL,NULL,'#1e3a8a') ON CONFLICT DO NOTHING;
INSERT INTO "employee_card" ("card_id","employee_id","company_id","card_no","status","issued_at","issued_by","printed_at","revoked_at","revoked_reason","returned_at","returned_by","card_color") VALUES (7,129,10,'CARD-S556-0814','Active','2026-05-09T17:00:00.000Z',9,'2026-05-19T08:07:27.742Z',NULL,NULL,NULL,NULL,'#1e3a8a') ON CONFLICT DO NOTHING;
INSERT INTO "employee_card" ("card_id","employee_id","company_id","card_no","status","issued_at","issued_by","printed_at","revoked_at","revoked_reason","returned_at","returned_by","card_color") VALUES (8,128,10,'CARD-S545-2118','Active','2026-05-09T17:00:00.000Z',9,'2026-05-19T08:04:22.521Z',NULL,NULL,NULL,NULL,'#1e3a8a') ON CONFLICT DO NOTHING;
INSERT INTO "employee_card" ("card_id","employee_id","company_id","card_no","status","issued_at","issued_by","printed_at","revoked_at","revoked_reason","returned_at","returned_by","card_color") VALUES (10,93,2,'CARD-DC200-5848','Active','2026-05-09T17:00:00.000Z',10,NULL,NULL,NULL,NULL,NULL,'#1e3a8a') ON CONFLICT DO NOTHING;
INSERT INTO "employee_card" ("card_id","employee_id","company_id","card_no","status","issued_at","issued_by","printed_at","revoked_at","revoked_reason","returned_at","returned_by","card_color") VALUES (11,92,2,'CARD-DC189-6721','Active','2026-05-09T17:00:00.000Z',10,NULL,NULL,NULL,NULL,NULL,'#1e3a8a') ON CONFLICT DO NOTHING;
INSERT INTO "employee_card" ("card_id","employee_id","company_id","card_no","status","issued_at","issued_by","printed_at","revoked_at","revoked_reason","returned_at","returned_by","card_color") VALUES (12,91,2,'CARD-DC178-7473','Active','2026-05-09T17:00:00.000Z',10,'2026-05-11T03:32:16.174Z',NULL,NULL,NULL,NULL,'#1e3a8a') ON CONFLICT DO NOTHING;
INSERT INTO "employee_card" ("card_id","employee_id","company_id","card_no","status","issued_at","issued_by","printed_at","revoked_at","revoked_reason","returned_at","returned_by","card_color") VALUES (13,90,2,'CARD-DC167-9046','Active','2026-05-09T17:00:00.000Z',10,NULL,NULL,NULL,NULL,NULL,'#1e3a8a') ON CONFLICT DO NOTHING;
INSERT INTO "employee_card" ("card_id","employee_id","company_id","card_no","status","issued_at","issued_by","printed_at","revoked_at","revoked_reason","returned_at","returned_by","card_color") VALUES (14,89,2,'CARD-DC156-9767','Active','2026-05-09T17:00:00.000Z',10,NULL,NULL,NULL,NULL,NULL,'#1e3a8a') ON CONFLICT DO NOTHING;
INSERT INTO "employee_card" ("card_id","employee_id","company_id","card_no","status","issued_at","issued_by","printed_at","revoked_at","revoked_reason","returned_at","returned_by","card_color") VALUES (15,88,2,'CARD-DC145-0453','Active','2026-05-09T17:00:00.000Z',10,NULL,NULL,NULL,NULL,NULL,'#1e3a8a') ON CONFLICT DO NOTHING;
INSERT INTO "employee_card" ("card_id","employee_id","company_id","card_no","status","issued_at","issued_by","printed_at","revoked_at","revoked_reason","returned_at","returned_by","card_color") VALUES (16,87,2,'CARD-DC134-1863','Active','2026-05-09T17:00:00.000Z',10,NULL,NULL,NULL,NULL,NULL,'#1e3a8a') ON CONFLICT DO NOTHING;
INSERT INTO "employee_card" ("card_id","employee_id","company_id","card_no","status","issued_at","issued_by","printed_at","revoked_at","revoked_reason","returned_at","returned_by","card_color") VALUES (17,86,2,'CARD-DC123-2572','Active','2026-05-09T17:00:00.000Z',10,NULL,NULL,NULL,NULL,NULL,'#1e3a8a') ON CONFLICT DO NOTHING;
INSERT INTO "employee_card" ("card_id","employee_id","company_id","card_no","status","issued_at","issued_by","printed_at","revoked_at","revoked_reason","returned_at","returned_by","card_color") VALUES (18,85,2,'CARD-DC112-3174','Active','2026-05-09T17:00:00.000Z',10,NULL,NULL,NULL,NULL,NULL,'#1e3a8a') ON CONFLICT DO NOTHING;
INSERT INTO "employee_card" ("card_id","employee_id","company_id","card_no","status","issued_at","issued_by","printed_at","revoked_at","revoked_reason","returned_at","returned_by","card_color") VALUES (19,84,2,'CARD-DC101-6693','Active','2026-05-09T17:00:00.000Z',10,NULL,NULL,NULL,NULL,NULL,'#1e3a8a') ON CONFLICT DO NOTHING;
INSERT INTO "employee_card" ("card_id","employee_id","company_id","card_no","status","issued_at","issued_by","printed_at","revoked_at","revoked_reason","returned_at","returned_by","card_color") VALUES (20,83,1,'CARD-UC100-8657','Active','2026-05-09T17:00:00.000Z',10,'2026-05-18T08:51:47.280Z',NULL,NULL,NULL,NULL,'#1e3a8a') ON CONFLICT DO NOTHING;
INSERT INTO "employee_card" ("card_id","employee_id","company_id","card_no","status","issued_at","issued_by","printed_at","revoked_at","revoked_reason","returned_at","returned_by","card_color") VALUES (21,82,1,'CARD-UC089-0311','Active','2026-05-09T17:00:00.000Z',10,NULL,NULL,NULL,NULL,NULL,'#1e3a8a') ON CONFLICT DO NOTHING;
INSERT INTO "employee_card" ("card_id","employee_id","company_id","card_no","status","issued_at","issued_by","printed_at","revoked_at","revoked_reason","returned_at","returned_by","card_color") VALUES (22,81,1,'CARD-UC078-1914','Active','2026-05-10T17:00:00.000Z',10,NULL,NULL,NULL,NULL,NULL,'#1e3a8a') ON CONFLICT DO NOTHING;
INSERT INTO "employee_card" ("card_id","employee_id","company_id","card_no","status","issued_at","issued_by","printed_at","revoked_at","revoked_reason","returned_at","returned_by","card_color") VALUES (23,80,1,'CARD-UC067-3130','Active','2026-05-10T17:00:00.000Z',10,NULL,NULL,NULL,NULL,NULL,'#1e3a8a') ON CONFLICT DO NOTHING;
INSERT INTO "employee_card" ("card_id","employee_id","company_id","card_no","status","issued_at","issued_by","printed_at","revoked_at","revoked_reason","returned_at","returned_by","card_color") VALUES (24,79,1,'CARD-UC056-1383','Returned','2026-05-10T17:00:00.000Z',10,NULL,NULL,NULL,'2026-05-19T14:53:50.477Z',9,'#1e3a8a') ON CONFLICT DO NOTHING;
INSERT INTO "employee_card" ("card_id","employee_id","company_id","card_no","status","issued_at","issued_by","printed_at","revoked_at","revoked_reason","returned_at","returned_by","card_color") VALUES (25,133,10,'CARD-S600-2976','Returned','2026-05-12T17:00:00.000Z',9,'2026-05-19T08:13:40.234Z',NULL,NULL,'2026-05-19T09:03:20.877Z',9,'#1e3a8a') ON CONFLICT DO NOTHING;
INSERT INTO "employee_card" ("card_id","employee_id","company_id","card_no","status","issued_at","issued_by","printed_at","revoked_at","revoked_reason","returned_at","returned_by","card_color") VALUES (28,127,10,'C-2026-12801','Active','2026-05-14T17:00:00.000Z',9,'2026-05-19T08:04:22.498Z',NULL,NULL,NULL,NULL,'#1a3a6b') ON CONFLICT DO NOTHING;
INSERT INTO "employee_card" ("card_id","employee_id","company_id","card_no","status","issued_at","issued_by","printed_at","revoked_at","revoked_reason","returned_at","returned_by","card_color") VALUES (29,126,10,'C-2026-27780','Active','2026-05-14T17:00:00.000Z',9,NULL,NULL,NULL,NULL,NULL,'#1a3a6b') ON CONFLICT DO NOTHING;
INSERT INTO "employee_card" ("card_id","employee_id","company_id","card_no","status","issued_at","issued_by","printed_at","revoked_at","revoked_reason","returned_at","returned_by","card_color") VALUES (30,125,10,'C-2026-40737','Active','2026-05-14T17:00:00.000Z',9,NULL,NULL,NULL,NULL,NULL,'#1a3a6b') ON CONFLICT DO NOTHING;
INSERT INTO "employee_card" ("card_id","employee_id","company_id","card_no","status","issued_at","issued_by","printed_at","revoked_at","revoked_reason","returned_at","returned_by","card_color") VALUES (31,115,9,'C-2026-42229','Active','2026-05-14T17:00:00.000Z',9,NULL,NULL,NULL,NULL,NULL,'#1a3a6b') ON CONFLICT DO NOTHING;
INSERT INTO "employee_card" ("card_id","employee_id","company_id","card_no","status","issued_at","issued_by","printed_at","revoked_at","revoked_reason","returned_at","returned_by","card_color") VALUES (32,119,9,'C-2026-50038','Active','2026-05-14T17:00:00.000Z',9,NULL,NULL,NULL,NULL,NULL,'#1a3a6b') ON CONFLICT DO NOTHING;
INSERT INTO "employee_card" ("card_id","employee_id","company_id","card_no","status","issued_at","issued_by","printed_at","revoked_at","revoked_reason","returned_at","returned_by","card_color") VALUES (33,113,8,'C-2026-53166','Active','2026-05-14T17:00:00.000Z',9,'2026-05-19T03:24:44.714Z',NULL,NULL,NULL,NULL,'#1a3a6b') ON CONFLICT DO NOTHING;
INSERT INTO "employee_card" ("card_id","employee_id","company_id","card_no","status","issued_at","issued_by","printed_at","revoked_at","revoked_reason","returned_at","returned_by","card_color") VALUES (34,111,8,'C-2026-55361','Active','2026-05-14T17:00:00.000Z',9,NULL,NULL,NULL,NULL,NULL,'#1a3a6b') ON CONFLICT DO NOTHING;
INSERT INTO "employee_card" ("card_id","employee_id","company_id","card_no","status","issued_at","issued_by","printed_at","revoked_at","revoked_reason","returned_at","returned_by","card_color") VALUES (35,112,8,'C-2026-75823','Active','2026-05-18T17:00:00.000Z',9,NULL,NULL,NULL,NULL,NULL,'#1a3a6b') ON CONFLICT DO NOTHING;
-- (28 rows)

-- ===== EMPLOYEE_PERMITS =====
INSERT INTO "employee_permits" ("permit_id","employee_id","permit_type","permit_number","issued_date","expires_at","status","file_path","notes","created_by","created_at","updated_at") VALUES (1,21,'Passport','LA0100021','2025-05-18T17:00:00.000Z','2028-05-17T17:00:00.000Z','Valid',NULL,'Auto-generated',NULL,'2026-05-19T08:46:57.684Z','2026-05-19T08:46:57.684Z') ON CONFLICT DO NOTHING;
INSERT INTO "employee_permits" ("permit_id","employee_id","permit_type","permit_number","issued_date","expires_at","status","file_path","notes","created_by","created_at","updated_at") VALUES (2,21,'Visa','V-2023-001007','2025-06-17T17:00:00.000Z','2027-05-18T17:00:00.000Z','Valid',NULL,'Auto-generated',NULL,'2026-05-19T08:46:57.695Z','2026-05-19T08:46:57.695Z') ON CONFLICT DO NOTHING;
INSERT INTO "employee_permits" ("permit_id","employee_id","permit_type","permit_number","issued_date","expires_at","status","file_path","notes","created_by","created_at","updated_at") VALUES (3,22,'Passport','B0101259','2024-05-18T17:00:00.000Z','2029-05-17T17:00:00.000Z','Valid',NULL,'Auto-generated',NULL,'2026-05-19T08:46:57.696Z','2026-05-19T08:46:57.696Z') ON CONFLICT DO NOTHING;
INSERT INTO "employee_permits" ("permit_id","employee_id","permit_type","permit_number","issued_date","expires_at","status","file_path","notes","created_by","created_at","updated_at") VALUES (4,22,'Visa','V-2024-001014','2024-06-17T17:00:00.000Z','2028-05-17T17:00:00.000Z','Valid',NULL,'Auto-generated',NULL,'2026-05-19T08:46:57.697Z','2026-05-19T08:46:57.697Z') ON CONFLICT DO NOTHING;
INSERT INTO "employee_permits" ("permit_id","employee_id","permit_type","permit_number","issued_date","expires_at","status","file_path","notes","created_by","created_at","updated_at") VALUES (5,23,'Passport','G00102497','2023-05-19T17:00:00.000Z','2030-05-17T17:00:00.000Z','Valid',NULL,'Auto-generated',NULL,'2026-05-19T08:46:57.697Z','2026-05-19T08:46:57.697Z') ON CONFLICT DO NOTHING;
INSERT INTO "employee_permits" ("permit_id","employee_id","permit_type","permit_number","issued_date","expires_at","status","file_path","notes","created_by","created_at","updated_at") VALUES (6,23,'Visa','V-2022-001021','2023-06-18T17:00:00.000Z','2027-05-18T17:00:00.000Z','Valid',NULL,'Auto-generated',NULL,'2026-05-19T08:46:57.698Z','2026-05-19T08:46:57.698Z') ON CONFLICT DO NOTHING;
INSERT INTO "employee_permits" ("permit_id","employee_id","permit_type","permit_number","issued_date","expires_at","status","file_path","notes","created_by","created_at","updated_at") VALUES (7,24,'Passport','G00103735','2025-05-18T17:00:00.000Z','2031-05-17T17:00:00.000Z','Valid',NULL,'Auto-generated',NULL,'2026-05-19T08:46:57.699Z','2026-05-19T08:46:57.699Z') ON CONFLICT DO NOTHING;
INSERT INTO "employee_permits" ("permit_id","employee_id","permit_type","permit_number","issued_date","expires_at","status","file_path","notes","created_by","created_at","updated_at") VALUES (8,24,'Visa','V-2023-001028','2025-06-17T17:00:00.000Z','2028-05-17T17:00:00.000Z','Valid',NULL,'Auto-generated',NULL,'2026-05-19T08:46:57.699Z','2026-05-19T08:46:57.699Z') ON CONFLICT DO NOTHING;
INSERT INTO "employee_permits" ("permit_id","employee_id","permit_type","permit_number","issued_date","expires_at","status","file_path","notes","created_by","created_at","updated_at") VALUES (9,25,'Passport','LA0104973','2024-05-18T17:00:00.000Z','2028-05-17T17:00:00.000Z','Valid',NULL,'Auto-generated',NULL,'2026-05-19T08:46:57.700Z','2026-05-19T08:46:57.700Z') ON CONFLICT DO NOTHING;
INSERT INTO "employee_permits" ("permit_id","employee_id","permit_type","permit_number","issued_date","expires_at","status","file_path","notes","created_by","created_at","updated_at") VALUES (10,25,'Visa','V-2024-001035','2024-06-17T17:00:00.000Z','2027-05-18T17:00:00.000Z','Valid',NULL,'Auto-generated',NULL,'2026-05-19T08:46:57.701Z','2026-05-19T08:46:57.701Z') ON CONFLICT DO NOTHING;
INSERT INTO "employee_permits" ("permit_id","employee_id","permit_type","permit_number","issued_date","expires_at","status","file_path","notes","created_by","created_at","updated_at") VALUES (11,26,'Passport','LA0106211','2023-05-19T17:00:00.000Z','2029-05-17T17:00:00.000Z','Valid',NULL,'Auto-generated',NULL,'2026-05-19T08:46:57.701Z','2026-05-19T08:46:57.701Z') ON CONFLICT DO NOTHING;
INSERT INTO "employee_permits" ("permit_id","employee_id","permit_type","permit_number","issued_date","expires_at","status","file_path","notes","created_by","created_at","updated_at") VALUES (12,26,'Visa','V-2022-001042','2023-06-18T17:00:00.000Z','2028-05-17T17:00:00.000Z','Valid',NULL,'Auto-generated',NULL,'2026-05-19T08:46:57.702Z','2026-05-19T08:46:57.702Z') ON CONFLICT DO NOTHING;
INSERT INTO "employee_permits" ("permit_id","employee_id","permit_type","permit_number","issued_date","expires_at","status","file_path","notes","created_by","created_at","updated_at") VALUES (13,27,'Passport','LA0107449','2025-05-18T17:00:00.000Z','2030-05-17T17:00:00.000Z','Valid',NULL,'Auto-generated',NULL,'2026-05-19T08:46:57.702Z','2026-05-19T08:46:57.702Z') ON CONFLICT DO NOTHING;
INSERT INTO "employee_permits" ("permit_id","employee_id","permit_type","permit_number","issued_date","expires_at","status","file_path","notes","created_by","created_at","updated_at") VALUES (14,27,'Visa','V-2023-001049','2025-06-17T17:00:00.000Z','2027-05-18T17:00:00.000Z','Valid',NULL,'Auto-generated',NULL,'2026-05-19T08:46:57.703Z','2026-05-19T08:46:57.703Z') ON CONFLICT DO NOTHING;
INSERT INTO "employee_permits" ("permit_id","employee_id","permit_type","permit_number","issued_date","expires_at","status","file_path","notes","created_by","created_at","updated_at") VALUES (15,28,'Passport','LA0108687','2024-05-18T17:00:00.000Z','2031-05-17T17:00:00.000Z','Valid',NULL,'Auto-generated',NULL,'2026-05-19T08:46:57.703Z','2026-05-19T08:46:57.703Z') ON CONFLICT DO NOTHING;
INSERT INTO "employee_permits" ("permit_id","employee_id","permit_type","permit_number","issued_date","expires_at","status","file_path","notes","created_by","created_at","updated_at") VALUES (16,28,'Visa','V-2024-001056','2024-06-17T17:00:00.000Z','2028-05-17T17:00:00.000Z','Valid',NULL,'Auto-generated',NULL,'2026-05-19T08:46:57.704Z','2026-05-19T08:46:57.704Z') ON CONFLICT DO NOTHING;
INSERT INTO "employee_permits" ("permit_id","employee_id","permit_type","permit_number","issued_date","expires_at","status","file_path","notes","created_by","created_at","updated_at") VALUES (17,29,'Passport','LA0109925','2023-05-19T17:00:00.000Z','2028-05-17T17:00:00.000Z','Valid',NULL,'Auto-generated',NULL,'2026-05-19T08:46:57.705Z','2026-05-19T08:46:57.705Z') ON CONFLICT DO NOTHING;
INSERT INTO "employee_permits" ("permit_id","employee_id","permit_type","permit_number","issued_date","expires_at","status","file_path","notes","created_by","created_at","updated_at") VALUES (18,29,'Visa','V-2022-001063','2023-06-18T17:00:00.000Z','2027-05-18T17:00:00.000Z','Valid',NULL,'Auto-generated',NULL,'2026-05-19T08:46:57.705Z','2026-05-19T08:46:57.705Z') ON CONFLICT DO NOTHING;
INSERT INTO "employee_permits" ("permit_id","employee_id","permit_type","permit_number","issued_date","expires_at","status","file_path","notes","created_by","created_at","updated_at") VALUES (19,30,'Passport','AA0111163','2025-05-18T17:00:00.000Z','2029-05-17T17:00:00.000Z','Valid',NULL,'Auto-generated',NULL,'2026-05-19T08:46:57.706Z','2026-05-19T08:46:57.706Z') ON CONFLICT DO NOTHING;
INSERT INTO "employee_permits" ("permit_id","employee_id","permit_type","permit_number","issued_date","expires_at","status","file_path","notes","created_by","created_at","updated_at") VALUES (20,30,'Visa','V-2023-001070','2025-06-17T17:00:00.000Z','2028-05-17T17:00:00.000Z','Valid',NULL,'Auto-generated',NULL,'2026-05-19T08:46:57.706Z','2026-05-19T08:46:57.706Z') ON CONFLICT DO NOTHING;
INSERT INTO "employee_permits" ("permit_id","employee_id","permit_type","permit_number","issued_date","expires_at","status","file_path","notes","created_by","created_at","updated_at") VALUES (21,31,'Passport','G00112401','2024-05-18T17:00:00.000Z','2030-05-17T17:00:00.000Z','Valid',NULL,'Auto-generated',NULL,'2026-05-19T08:46:57.707Z','2026-05-19T08:46:57.707Z') ON CONFLICT DO NOTHING;
INSERT INTO "employee_permits" ("permit_id","employee_id","permit_type","permit_number","issued_date","expires_at","status","file_path","notes","created_by","created_at","updated_at") VALUES (22,31,'Visa','V-2024-001077','2024-06-17T17:00:00.000Z','2027-05-18T17:00:00.000Z','Valid',NULL,'Auto-generated',NULL,'2026-05-19T08:46:57.707Z','2026-05-19T08:46:57.707Z') ON CONFLICT DO NOTHING;
INSERT INTO "employee_permits" ("permit_id","employee_id","permit_type","permit_number","issued_date","expires_at","status","file_path","notes","created_by","created_at","updated_at") VALUES (23,32,'Passport','LA0113639','2023-05-19T17:00:00.000Z','2031-05-17T17:00:00.000Z','Valid',NULL,'Auto-generated',NULL,'2026-05-19T08:46:57.708Z','2026-05-19T08:46:57.708Z') ON CONFLICT DO NOTHING;
INSERT INTO "employee_permits" ("permit_id","employee_id","permit_type","permit_number","issued_date","expires_at","status","file_path","notes","created_by","created_at","updated_at") VALUES (24,32,'Visa','V-2022-001084','2023-06-18T17:00:00.000Z','2028-05-17T17:00:00.000Z','Valid',NULL,'Auto-generated',NULL,'2026-05-19T08:46:57.708Z','2026-05-19T08:46:57.708Z') ON CONFLICT DO NOTHING;
INSERT INTO "employee_permits" ("permit_id","employee_id","permit_type","permit_number","issued_date","expires_at","status","file_path","notes","created_by","created_at","updated_at") VALUES (25,33,'Passport','LA0114877','2025-05-18T17:00:00.000Z','2028-05-17T17:00:00.000Z','Valid',NULL,'Auto-generated',NULL,'2026-05-19T08:46:57.709Z','2026-05-19T08:46:57.709Z') ON CONFLICT DO NOTHING;
INSERT INTO "employee_permits" ("permit_id","employee_id","permit_type","permit_number","issued_date","expires_at","status","file_path","notes","created_by","created_at","updated_at") VALUES (26,33,'Visa','V-2023-001091','2025-06-17T17:00:00.000Z','2027-05-18T17:00:00.000Z','Valid',NULL,'Auto-generated',NULL,'2026-05-19T08:46:57.709Z','2026-05-19T08:46:57.709Z') ON CONFLICT DO NOTHING;
INSERT INTO "employee_permits" ("permit_id","employee_id","permit_type","permit_number","issued_date","expires_at","status","file_path","notes","created_by","created_at","updated_at") VALUES (27,34,'Passport','LA0116115','2024-05-18T17:00:00.000Z','2029-05-17T17:00:00.000Z','Valid',NULL,'Auto-generated',NULL,'2026-05-19T08:46:57.709Z','2026-05-19T08:46:57.709Z') ON CONFLICT DO NOTHING;
INSERT INTO "employee_permits" ("permit_id","employee_id","permit_type","permit_number","issued_date","expires_at","status","file_path","notes","created_by","created_at","updated_at") VALUES (28,34,'Visa','V-2024-001098','2024-06-17T17:00:00.000Z','2028-05-17T17:00:00.000Z','Valid',NULL,'Auto-generated',NULL,'2026-05-19T08:46:57.710Z','2026-05-19T08:46:57.710Z') ON CONFLICT DO NOTHING;
INSERT INTO "employee_permits" ("permit_id","employee_id","permit_type","permit_number","issued_date","expires_at","status","file_path","notes","created_by","created_at","updated_at") VALUES (29,35,'Passport','G00117353','2023-05-19T17:00:00.000Z','2030-05-17T17:00:00.000Z','Valid',NULL,'Auto-generated',NULL,'2026-05-19T08:46:57.710Z','2026-05-19T08:46:57.710Z') ON CONFLICT DO NOTHING;
INSERT INTO "employee_permits" ("permit_id","employee_id","permit_type","permit_number","issued_date","expires_at","status","file_path","notes","created_by","created_at","updated_at") VALUES (30,35,'Visa','V-2022-001105','2023-06-18T17:00:00.000Z','2027-05-18T17:00:00.000Z','Valid',NULL,'Auto-generated',NULL,'2026-05-19T08:46:57.711Z','2026-05-19T08:46:57.711Z') ON CONFLICT DO NOTHING;
INSERT INTO "employee_permits" ("permit_id","employee_id","permit_type","permit_number","issued_date","expires_at","status","file_path","notes","created_by","created_at","updated_at") VALUES (31,36,'Passport','LA0118591','2025-05-18T17:00:00.000Z','2031-05-17T17:00:00.000Z','Valid',NULL,'Auto-generated',NULL,'2026-05-19T08:46:57.712Z','2026-05-19T08:46:57.712Z') ON CONFLICT DO NOTHING;
INSERT INTO "employee_permits" ("permit_id","employee_id","permit_type","permit_number","issued_date","expires_at","status","file_path","notes","created_by","created_at","updated_at") VALUES (32,36,'Visa','V-2023-001112','2025-06-17T17:00:00.000Z','2028-05-17T17:00:00.000Z','Valid',NULL,'Auto-generated',NULL,'2026-05-19T08:46:57.712Z','2026-05-19T08:46:57.712Z') ON CONFLICT DO NOTHING;
INSERT INTO "employee_permits" ("permit_id","employee_id","permit_type","permit_number","issued_date","expires_at","status","file_path","notes","created_by","created_at","updated_at") VALUES (33,37,'Passport','LA0119829','2024-05-18T17:00:00.000Z','2028-05-17T17:00:00.000Z','Valid',NULL,'Auto-generated',NULL,'2026-05-19T08:46:57.713Z','2026-05-19T08:46:57.713Z') ON CONFLICT DO NOTHING;
INSERT INTO "employee_permits" ("permit_id","employee_id","permit_type","permit_number","issued_date","expires_at","status","file_path","notes","created_by","created_at","updated_at") VALUES (34,37,'Visa','V-2024-001119','2024-06-17T17:00:00.000Z','2027-05-18T17:00:00.000Z','Valid',NULL,'Auto-generated',NULL,'2026-05-19T08:46:57.713Z','2026-05-19T08:46:57.713Z') ON CONFLICT DO NOTHING;
INSERT INTO "employee_permits" ("permit_id","employee_id","permit_type","permit_number","issued_date","expires_at","status","file_path","notes","created_by","created_at","updated_at") VALUES (35,38,'Passport','G00121067','2023-05-19T17:00:00.000Z','2029-05-17T17:00:00.000Z','Valid',NULL,'Auto-generated',NULL,'2026-05-19T08:46:57.714Z','2026-05-19T08:46:57.714Z') ON CONFLICT DO NOTHING;
INSERT INTO "employee_permits" ("permit_id","employee_id","permit_type","permit_number","issued_date","expires_at","status","file_path","notes","created_by","created_at","updated_at") VALUES (36,38,'Visa','V-2022-001126','2023-06-18T17:00:00.000Z','2028-05-17T17:00:00.000Z','Valid',NULL,'Auto-generated',NULL,'2026-05-19T08:46:57.714Z','2026-05-19T08:46:57.714Z') ON CONFLICT DO NOTHING;
INSERT INTO "employee_permits" ("permit_id","employee_id","permit_type","permit_number","issued_date","expires_at","status","file_path","notes","created_by","created_at","updated_at") VALUES (37,39,'Passport','B0122305','2025-05-18T17:00:00.000Z','2030-05-17T17:00:00.000Z','Valid',NULL,'Auto-generated',NULL,'2026-05-19T08:46:57.715Z','2026-05-19T08:46:57.715Z') ON CONFLICT DO NOTHING;
INSERT INTO "employee_permits" ("permit_id","employee_id","permit_type","permit_number","issued_date","expires_at","status","file_path","notes","created_by","created_at","updated_at") VALUES (38,39,'Visa','V-2023-001133','2025-06-17T17:00:00.000Z','2027-05-18T17:00:00.000Z','Valid',NULL,'Auto-generated',NULL,'2026-05-19T08:46:57.715Z','2026-05-19T08:46:57.715Z') ON CONFLICT DO NOTHING;
INSERT INTO "employee_permits" ("permit_id","employee_id","permit_type","permit_number","issued_date","expires_at","status","file_path","notes","created_by","created_at","updated_at") VALUES (39,40,'Passport','LA0123543','2024-05-18T17:00:00.000Z','2031-05-17T17:00:00.000Z','Valid',NULL,'Auto-generated',NULL,'2026-05-19T08:46:57.715Z','2026-05-19T08:46:57.715Z') ON CONFLICT DO NOTHING;
INSERT INTO "employee_permits" ("permit_id","employee_id","permit_type","permit_number","issued_date","expires_at","status","file_path","notes","created_by","created_at","updated_at") VALUES (40,40,'Visa','V-2024-001140','2024-06-17T17:00:00.000Z','2028-05-17T17:00:00.000Z','Valid',NULL,'Auto-generated',NULL,'2026-05-19T08:46:57.716Z','2026-05-19T08:46:57.716Z') ON CONFLICT DO NOTHING;
INSERT INTO "employee_permits" ("permit_id","employee_id","permit_type","permit_number","issued_date","expires_at","status","file_path","notes","created_by","created_at","updated_at") VALUES (41,43,'Passport','LA0124783','2023-05-19T17:00:00.000Z','2028-05-17T17:00:00.000Z','Valid',NULL,'Auto-generated',NULL,'2026-05-19T08:46:57.716Z','2026-05-19T08:46:57.716Z') ON CONFLICT DO NOTHING;
INSERT INTO "employee_permits" ("permit_id","employee_id","permit_type","permit_number","issued_date","expires_at","status","file_path","notes","created_by","created_at","updated_at") VALUES (42,43,'Visa','V-2022-001147','2023-06-18T17:00:00.000Z','2027-05-18T17:00:00.000Z','Valid',NULL,'Auto-generated',NULL,'2026-05-19T08:46:57.716Z','2026-05-19T08:46:57.716Z') ON CONFLICT DO NOTHING;
INSERT INTO "employee_permits" ("permit_id","employee_id","permit_type","permit_number","issued_date","expires_at","status","file_path","notes","created_by","created_at","updated_at") VALUES (43,44,'Passport','LA0126021','2025-05-18T17:00:00.000Z','2029-05-17T17:00:00.000Z','Valid',NULL,'Auto-generated',NULL,'2026-05-19T08:46:57.717Z','2026-05-19T08:46:57.717Z') ON CONFLICT DO NOTHING;
INSERT INTO "employee_permits" ("permit_id","employee_id","permit_type","permit_number","issued_date","expires_at","status","file_path","notes","created_by","created_at","updated_at") VALUES (44,44,'Visa','V-2023-001154','2025-06-17T17:00:00.000Z','2028-05-17T17:00:00.000Z','Valid',NULL,'Auto-generated',NULL,'2026-05-19T08:46:57.717Z','2026-05-19T08:46:57.717Z') ON CONFLICT DO NOTHING;
INSERT INTO "employee_permits" ("permit_id","employee_id","permit_type","permit_number","issued_date","expires_at","status","file_path","notes","created_by","created_at","updated_at") VALUES (45,45,'Passport','LA0127259','2024-05-18T17:00:00.000Z','2030-05-17T17:00:00.000Z','Valid',NULL,'Auto-generated',NULL,'2026-05-19T08:46:57.717Z','2026-05-19T08:46:57.717Z') ON CONFLICT DO NOTHING;
INSERT INTO "employee_permits" ("permit_id","employee_id","permit_type","permit_number","issued_date","expires_at","status","file_path","notes","created_by","created_at","updated_at") VALUES (46,45,'Visa','V-2024-001161','2024-06-17T17:00:00.000Z','2027-05-18T17:00:00.000Z','Valid',NULL,'Auto-generated',NULL,'2026-05-19T08:46:57.718Z','2026-05-19T08:46:57.718Z') ON CONFLICT DO NOTHING;
INSERT INTO "employee_permits" ("permit_id","employee_id","permit_type","permit_number","issued_date","expires_at","status","file_path","notes","created_by","created_at","updated_at") VALUES (47,46,'Passport','LA0128497','2023-05-19T17:00:00.000Z','2031-05-17T17:00:00.000Z','Valid',NULL,'Auto-generated',NULL,'2026-05-19T08:46:57.718Z','2026-05-19T08:46:57.718Z') ON CONFLICT DO NOTHING;
INSERT INTO "employee_permits" ("permit_id","employee_id","permit_type","permit_number","issued_date","expires_at","status","file_path","notes","created_by","created_at","updated_at") VALUES (48,46,'Visa','V-2022-001168','2023-06-18T17:00:00.000Z','2028-05-17T17:00:00.000Z','Valid',NULL,'Auto-generated',NULL,'2026-05-19T08:46:57.718Z','2026-05-19T08:46:57.718Z') ON CONFLICT DO NOTHING;
INSERT INTO "employee_permits" ("permit_id","employee_id","permit_type","permit_number","issued_date","expires_at","status","file_path","notes","created_by","created_at","updated_at") VALUES (49,47,'Passport','LA0129735','2025-05-18T17:00:00.000Z','2028-05-17T17:00:00.000Z','Valid',NULL,'Auto-generated',NULL,'2026-05-19T08:46:57.719Z','2026-05-19T08:46:57.719Z') ON CONFLICT DO NOTHING;
INSERT INTO "employee_permits" ("permit_id","employee_id","permit_type","permit_number","issued_date","expires_at","status","file_path","notes","created_by","created_at","updated_at") VALUES (50,47,'Visa','V-2023-001175','2025-06-17T17:00:00.000Z','2027-05-18T17:00:00.000Z','Valid',NULL,'Auto-generated',NULL,'2026-05-19T08:46:57.719Z','2026-05-19T08:46:57.719Z') ON CONFLICT DO NOTHING;
INSERT INTO "employee_permits" ("permit_id","employee_id","permit_type","permit_number","issued_date","expires_at","status","file_path","notes","created_by","created_at","updated_at") VALUES (51,48,'Passport','B0130973','2024-05-18T17:00:00.000Z','2029-05-17T17:00:00.000Z','Valid',NULL,'Auto-generated',NULL,'2026-05-19T08:46:57.719Z','2026-05-19T08:46:57.719Z') ON CONFLICT DO NOTHING;
INSERT INTO "employee_permits" ("permit_id","employee_id","permit_type","permit_number","issued_date","expires_at","status","file_path","notes","created_by","created_at","updated_at") VALUES (52,48,'Visa','V-2024-001182','2024-06-17T17:00:00.000Z','2028-05-17T17:00:00.000Z','Valid',NULL,'Auto-generated',NULL,'2026-05-19T08:46:57.719Z','2026-05-19T08:46:57.719Z') ON CONFLICT DO NOTHING;
INSERT INTO "employee_permits" ("permit_id","employee_id","permit_type","permit_number","issued_date","expires_at","status","file_path","notes","created_by","created_at","updated_at") VALUES (53,49,'Passport','B0132211','2023-05-19T17:00:00.000Z','2030-05-17T17:00:00.000Z','Valid',NULL,'Auto-generated',NULL,'2026-05-19T08:46:57.720Z','2026-05-19T08:46:57.720Z') ON CONFLICT DO NOTHING;
INSERT INTO "employee_permits" ("permit_id","employee_id","permit_type","permit_number","issued_date","expires_at","status","file_path","notes","created_by","created_at","updated_at") VALUES (54,49,'Visa','V-2022-001189','2023-06-18T17:00:00.000Z','2027-05-18T17:00:00.000Z','Valid',NULL,'Auto-generated',NULL,'2026-05-19T08:46:57.720Z','2026-05-19T08:46:57.720Z') ON CONFLICT DO NOTHING;
INSERT INTO "employee_permits" ("permit_id","employee_id","permit_type","permit_number","issued_date","expires_at","status","file_path","notes","created_by","created_at","updated_at") VALUES (55,50,'Passport','LA0133449','2025-05-18T17:00:00.000Z','2031-05-17T17:00:00.000Z','Valid',NULL,'Auto-generated',NULL,'2026-05-19T08:46:57.720Z','2026-05-19T08:46:57.720Z') ON CONFLICT DO NOTHING;
INSERT INTO "employee_permits" ("permit_id","employee_id","permit_type","permit_number","issued_date","expires_at","status","file_path","notes","created_by","created_at","updated_at") VALUES (56,50,'Visa','V-2023-001196','2025-06-17T17:00:00.000Z','2028-05-17T17:00:00.000Z','Valid',NULL,'Auto-generated',NULL,'2026-05-19T08:46:57.721Z','2026-05-19T08:46:57.721Z') ON CONFLICT DO NOTHING;
INSERT INTO "employee_permits" ("permit_id","employee_id","permit_type","permit_number","issued_date","expires_at","status","file_path","notes","created_by","created_at","updated_at") VALUES (57,52,'Passport','LA0134688','2024-05-18T17:00:00.000Z','2028-05-17T17:00:00.000Z','Valid',NULL,'Auto-generated',NULL,'2026-05-19T08:46:57.721Z','2026-05-19T08:46:57.721Z') ON CONFLICT DO NOTHING;
INSERT INTO "employee_permits" ("permit_id","employee_id","permit_type","permit_number","issued_date","expires_at","status","file_path","notes","created_by","created_at","updated_at") VALUES (58,52,'Visa','V-2024-001203','2024-06-17T17:00:00.000Z','2027-05-18T17:00:00.000Z','Valid',NULL,'Auto-generated',NULL,'2026-05-19T08:46:57.721Z','2026-05-19T08:46:57.721Z') ON CONFLICT DO NOTHING;
INSERT INTO "employee_permits" ("permit_id","employee_id","permit_type","permit_number","issued_date","expires_at","status","file_path","notes","created_by","created_at","updated_at") VALUES (59,53,'Passport','LA0135926','2023-05-19T17:00:00.000Z','2029-05-17T17:00:00.000Z','Valid',NULL,'Auto-generated',NULL,'2026-05-19T08:46:57.721Z','2026-05-19T08:46:57.721Z') ON CONFLICT DO NOTHING;
INSERT INTO "employee_permits" ("permit_id","employee_id","permit_type","permit_number","issued_date","expires_at","status","file_path","notes","created_by","created_at","updated_at") VALUES (60,53,'Visa','V-2022-001210','2023-06-18T17:00:00.000Z','2028-05-17T17:00:00.000Z','Valid',NULL,'Auto-generated',NULL,'2026-05-19T08:46:57.722Z','2026-05-19T08:46:57.722Z') ON CONFLICT DO NOTHING;
INSERT INTO "employee_permits" ("permit_id","employee_id","permit_type","permit_number","issued_date","expires_at","status","file_path","notes","created_by","created_at","updated_at") VALUES (61,54,'Passport','AA0137164','2025-05-18T17:00:00.000Z','2030-05-17T17:00:00.000Z','Valid',NULL,'Auto-generated',NULL,'2026-05-19T08:46:57.722Z','2026-05-19T08:46:57.722Z') ON CONFLICT DO NOTHING;
INSERT INTO "employee_permits" ("permit_id","employee_id","permit_type","permit_number","issued_date","expires_at","status","file_path","notes","created_by","created_at","updated_at") VALUES (62,54,'Visa','V-2023-001217','2025-06-17T17:00:00.000Z','2027-05-18T17:00:00.000Z','Valid',NULL,'Auto-generated',NULL,'2026-05-19T08:46:57.722Z','2026-05-19T08:46:57.722Z') ON CONFLICT DO NOTHING;
INSERT INTO "employee_permits" ("permit_id","employee_id","permit_type","permit_number","issued_date","expires_at","status","file_path","notes","created_by","created_at","updated_at") VALUES (63,55,'Passport','LA0138402','2024-05-18T17:00:00.000Z','2031-05-17T17:00:00.000Z','Valid',NULL,'Auto-generated',NULL,'2026-05-19T08:46:57.722Z','2026-05-19T08:46:57.722Z') ON CONFLICT DO NOTHING;
INSERT INTO "employee_permits" ("permit_id","employee_id","permit_type","permit_number","issued_date","expires_at","status","file_path","notes","created_by","created_at","updated_at") VALUES (64,55,'Visa','V-2024-001224','2024-06-17T17:00:00.000Z','2028-05-17T17:00:00.000Z','Valid',NULL,'Auto-generated',NULL,'2026-05-19T08:46:57.723Z','2026-05-19T08:46:57.723Z') ON CONFLICT DO NOTHING;
INSERT INTO "employee_permits" ("permit_id","employee_id","permit_type","permit_number","issued_date","expires_at","status","file_path","notes","created_by","created_at","updated_at") VALUES (65,56,'Passport','G00139640','2023-05-19T17:00:00.000Z','2028-05-17T17:00:00.000Z','Valid',NULL,'Auto-generated',NULL,'2026-05-19T08:46:57.723Z','2026-05-19T08:46:57.723Z') ON CONFLICT DO NOTHING;
INSERT INTO "employee_permits" ("permit_id","employee_id","permit_type","permit_number","issued_date","expires_at","status","file_path","notes","created_by","created_at","updated_at") VALUES (66,56,'Visa','V-2022-001231','2023-06-18T17:00:00.000Z','2027-05-18T17:00:00.000Z','Valid',NULL,'Auto-generated',NULL,'2026-05-19T08:46:57.723Z','2026-05-19T08:46:57.723Z') ON CONFLICT DO NOTHING;
INSERT INTO "employee_permits" ("permit_id","employee_id","permit_type","permit_number","issued_date","expires_at","status","file_path","notes","created_by","created_at","updated_at") VALUES (67,57,'Passport','AA0140878','2025-05-18T17:00:00.000Z','2029-05-17T17:00:00.000Z','Valid',NULL,'Auto-generated',NULL,'2026-05-19T08:46:57.723Z','2026-05-19T08:46:57.723Z') ON CONFLICT DO NOTHING;
INSERT INTO "employee_permits" ("permit_id","employee_id","permit_type","permit_number","issued_date","expires_at","status","file_path","notes","created_by","created_at","updated_at") VALUES (68,57,'Visa','V-2023-001238','2025-06-17T17:00:00.000Z','2028-05-17T17:00:00.000Z','Valid',NULL,'Auto-generated',NULL,'2026-05-19T08:46:57.723Z','2026-05-19T08:46:57.723Z') ON CONFLICT DO NOTHING;
INSERT INTO "employee_permits" ("permit_id","employee_id","permit_type","permit_number","issued_date","expires_at","status","file_path","notes","created_by","created_at","updated_at") VALUES (69,58,'Passport','LA0142116','2024-05-18T17:00:00.000Z','2030-05-17T17:00:00.000Z','Valid',NULL,'Auto-generated',NULL,'2026-05-19T08:46:57.724Z','2026-05-19T08:46:57.724Z') ON CONFLICT DO NOTHING;
INSERT INTO "employee_permits" ("permit_id","employee_id","permit_type","permit_number","issued_date","expires_at","status","file_path","notes","created_by","created_at","updated_at") VALUES (70,58,'Visa','V-2024-001245','2024-06-17T17:00:00.000Z','2027-05-18T17:00:00.000Z','Valid',NULL,'Auto-generated',NULL,'2026-05-19T08:46:57.724Z','2026-05-19T08:46:57.724Z') ON CONFLICT DO NOTHING;
INSERT INTO "employee_permits" ("permit_id","employee_id","permit_type","permit_number","issued_date","expires_at","status","file_path","notes","created_by","created_at","updated_at") VALUES (71,59,'Passport','LA0143354','2023-05-19T17:00:00.000Z','2031-05-17T17:00:00.000Z','Valid',NULL,'Auto-generated',NULL,'2026-05-19T08:46:57.724Z','2026-05-19T08:46:57.724Z') ON CONFLICT DO NOTHING;
INSERT INTO "employee_permits" ("permit_id","employee_id","permit_type","permit_number","issued_date","expires_at","status","file_path","notes","created_by","created_at","updated_at") VALUES (72,59,'Visa','V-2022-001252','2023-06-18T17:00:00.000Z','2028-05-17T17:00:00.000Z','Valid',NULL,'Auto-generated',NULL,'2026-05-19T08:46:57.725Z','2026-05-19T08:46:57.725Z') ON CONFLICT DO NOTHING;
INSERT INTO "employee_permits" ("permit_id","employee_id","permit_type","permit_number","issued_date","expires_at","status","file_path","notes","created_by","created_at","updated_at") VALUES (73,60,'Passport','LA0144592','2025-05-18T17:00:00.000Z','2028-05-17T17:00:00.000Z','Valid',NULL,'Auto-generated',NULL,'2026-05-19T08:46:57.726Z','2026-05-19T08:46:57.726Z') ON CONFLICT DO NOTHING;
INSERT INTO "employee_permits" ("permit_id","employee_id","permit_type","permit_number","issued_date","expires_at","status","file_path","notes","created_by","created_at","updated_at") VALUES (74,60,'Visa','V-2023-001259','2025-06-17T17:00:00.000Z','2027-05-18T17:00:00.000Z','Valid',NULL,'Auto-generated',NULL,'2026-05-19T08:46:57.726Z','2026-05-19T08:46:57.726Z') ON CONFLICT DO NOTHING;
INSERT INTO "employee_permits" ("permit_id","employee_id","permit_type","permit_number","issued_date","expires_at","status","file_path","notes","created_by","created_at","updated_at") VALUES (75,61,'Passport','LA0145830','2024-05-18T17:00:00.000Z','2029-05-17T17:00:00.000Z','Valid',NULL,'Auto-generated',NULL,'2026-05-19T08:46:57.726Z','2026-05-19T08:46:57.726Z') ON CONFLICT DO NOTHING;
INSERT INTO "employee_permits" ("permit_id","employee_id","permit_type","permit_number","issued_date","expires_at","status","file_path","notes","created_by","created_at","updated_at") VALUES (76,61,'Visa','V-2024-001266','2024-06-17T17:00:00.000Z','2028-05-17T17:00:00.000Z','Valid',NULL,'Auto-generated',NULL,'2026-05-19T08:46:57.726Z','2026-05-19T08:46:57.726Z') ON CONFLICT DO NOTHING;
INSERT INTO "employee_permits" ("permit_id","employee_id","permit_type","permit_number","issued_date","expires_at","status","file_path","notes","created_by","created_at","updated_at") VALUES (77,62,'Passport','LA0147068','2023-05-19T17:00:00.000Z','2030-05-17T17:00:00.000Z','Valid',NULL,'Auto-generated',NULL,'2026-05-19T08:46:57.727Z','2026-05-19T08:46:57.727Z') ON CONFLICT DO NOTHING;
INSERT INTO "employee_permits" ("permit_id","employee_id","permit_type","permit_number","issued_date","expires_at","status","file_path","notes","created_by","created_at","updated_at") VALUES (78,62,'Visa','V-2022-001273','2023-06-18T17:00:00.000Z','2027-05-18T17:00:00.000Z','Valid',NULL,'Auto-generated',NULL,'2026-05-19T08:46:57.727Z','2026-05-19T08:46:57.727Z') ON CONFLICT DO NOTHING;
INSERT INTO "employee_permits" ("permit_id","employee_id","permit_type","permit_number","issued_date","expires_at","status","file_path","notes","created_by","created_at","updated_at") VALUES (79,63,'Passport','G00148306','2025-05-18T17:00:00.000Z','2031-05-17T17:00:00.000Z','Valid',NULL,'Auto-generated',NULL,'2026-05-19T08:46:57.727Z','2026-05-19T08:46:57.727Z') ON CONFLICT DO NOTHING;
INSERT INTO "employee_permits" ("permit_id","employee_id","permit_type","permit_number","issued_date","expires_at","status","file_path","notes","created_by","created_at","updated_at") VALUES (80,63,'Visa','V-2023-001280','2025-06-17T17:00:00.000Z','2028-05-17T17:00:00.000Z','Valid',NULL,'Auto-generated',NULL,'2026-05-19T08:46:57.727Z','2026-05-19T08:46:57.727Z') ON CONFLICT DO NOTHING;
INSERT INTO "employee_permits" ("permit_id","employee_id","permit_type","permit_number","issued_date","expires_at","status","file_path","notes","created_by","created_at","updated_at") VALUES (81,64,'Passport','LA0149544','2024-05-18T17:00:00.000Z','2028-05-17T17:00:00.000Z','Valid',NULL,'Auto-generated',NULL,'2026-05-19T08:46:57.728Z','2026-05-19T08:46:57.728Z') ON CONFLICT DO NOTHING;
INSERT INTO "employee_permits" ("permit_id","employee_id","permit_type","permit_number","issued_date","expires_at","status","file_path","notes","created_by","created_at","updated_at") VALUES (82,64,'Visa','V-2024-001287','2024-06-17T17:00:00.000Z','2027-05-18T17:00:00.000Z','Valid',NULL,'Auto-generated',NULL,'2026-05-19T08:46:57.728Z','2026-05-19T08:46:57.728Z') ON CONFLICT DO NOTHING;
INSERT INTO "employee_permits" ("permit_id","employee_id","permit_type","permit_number","issued_date","expires_at","status","file_path","notes","created_by","created_at","updated_at") VALUES (83,65,'Passport','LA0150782','2023-05-19T17:00:00.000Z','2029-05-17T17:00:00.000Z','Valid',NULL,'Auto-generated',NULL,'2026-05-19T08:46:57.728Z','2026-05-19T08:46:57.728Z') ON CONFLICT DO NOTHING;
INSERT INTO "employee_permits" ("permit_id","employee_id","permit_type","permit_number","issued_date","expires_at","status","file_path","notes","created_by","created_at","updated_at") VALUES (84,65,'Visa','V-2022-001294','2023-06-18T17:00:00.000Z','2028-05-17T17:00:00.000Z','Valid',NULL,'Auto-generated',NULL,'2026-05-19T08:46:57.728Z','2026-05-19T08:46:57.728Z') ON CONFLICT DO NOTHING;
INSERT INTO "employee_permits" ("permit_id","employee_id","permit_type","permit_number","issued_date","expires_at","status","file_path","notes","created_by","created_at","updated_at") VALUES (85,66,'Passport','LA0152020','2025-05-18T17:00:00.000Z','2030-05-17T17:00:00.000Z','Valid',NULL,'Auto-generated',NULL,'2026-05-19T08:46:57.729Z','2026-05-19T08:46:57.729Z') ON CONFLICT DO NOTHING;
INSERT INTO "employee_permits" ("permit_id","employee_id","permit_type","permit_number","issued_date","expires_at","status","file_path","notes","created_by","created_at","updated_at") VALUES (86,66,'Visa','V-2023-001301','2025-06-17T17:00:00.000Z','2027-05-18T17:00:00.000Z','Valid',NULL,'Auto-generated',NULL,'2026-05-19T08:46:57.729Z','2026-05-19T08:46:57.729Z') ON CONFLICT DO NOTHING;
INSERT INTO "employee_permits" ("permit_id","employee_id","permit_type","permit_number","issued_date","expires_at","status","file_path","notes","created_by","created_at","updated_at") VALUES (87,67,'Passport','LA0153258','2024-05-18T17:00:00.000Z','2031-05-17T17:00:00.000Z','Valid',NULL,'Auto-generated',NULL,'2026-05-19T08:46:57.729Z','2026-05-19T08:46:57.729Z') ON CONFLICT DO NOTHING;
INSERT INTO "employee_permits" ("permit_id","employee_id","permit_type","permit_number","issued_date","expires_at","status","file_path","notes","created_by","created_at","updated_at") VALUES (88,67,'Visa','V-2024-001308','2024-06-17T17:00:00.000Z','2028-05-17T17:00:00.000Z','Valid',NULL,'Auto-generated',NULL,'2026-05-19T08:46:57.729Z','2026-05-19T08:46:57.729Z') ON CONFLICT DO NOTHING;
INSERT INTO "employee_permits" ("permit_id","employee_id","permit_type","permit_number","issued_date","expires_at","status","file_path","notes","created_by","created_at","updated_at") VALUES (89,68,'Passport','LA0154496','2023-05-19T17:00:00.000Z','2028-05-17T17:00:00.000Z','Valid',NULL,'Auto-generated',NULL,'2026-05-19T08:46:57.729Z','2026-05-19T08:46:57.729Z') ON CONFLICT DO NOTHING;
INSERT INTO "employee_permits" ("permit_id","employee_id","permit_type","permit_number","issued_date","expires_at","status","file_path","notes","created_by","created_at","updated_at") VALUES (90,68,'Visa','V-2022-001315','2023-06-18T17:00:00.000Z','2027-05-18T17:00:00.000Z','Valid',NULL,'Auto-generated',NULL,'2026-05-19T08:46:57.730Z','2026-05-19T08:46:57.730Z') ON CONFLICT DO NOTHING;
INSERT INTO "employee_permits" ("permit_id","employee_id","permit_type","permit_number","issued_date","expires_at","status","file_path","notes","created_by","created_at","updated_at") VALUES (91,69,'Passport','AA0155734','2025-05-18T17:00:00.000Z','2029-05-17T17:00:00.000Z','Valid',NULL,'Auto-generated',NULL,'2026-05-19T08:46:57.730Z','2026-05-19T08:46:57.730Z') ON CONFLICT DO NOTHING;
INSERT INTO "employee_permits" ("permit_id","employee_id","permit_type","permit_number","issued_date","expires_at","status","file_path","notes","created_by","created_at","updated_at") VALUES (92,69,'Visa','V-2023-001322','2025-06-17T17:00:00.000Z','2028-05-17T17:00:00.000Z','Valid',NULL,'Auto-generated',NULL,'2026-05-19T08:46:57.730Z','2026-05-19T08:46:57.730Z') ON CONFLICT DO NOTHING;
INSERT INTO "employee_permits" ("permit_id","employee_id","permit_type","permit_number","issued_date","expires_at","status","file_path","notes","created_by","created_at","updated_at") VALUES (93,73,'Passport','LA0156975','2024-05-18T17:00:00.000Z','2030-05-17T17:00:00.000Z','Valid',NULL,'Auto-generated',NULL,'2026-05-19T08:46:57.730Z','2026-05-19T08:46:57.730Z') ON CONFLICT DO NOTHING;
INSERT INTO "employee_permits" ("permit_id","employee_id","permit_type","permit_number","issued_date","expires_at","status","file_path","notes","created_by","created_at","updated_at") VALUES (94,73,'Visa','V-2024-001329','2024-06-17T17:00:00.000Z','2027-05-18T17:00:00.000Z','Valid',NULL,'Auto-generated',NULL,'2026-05-19T08:46:57.731Z','2026-05-19T08:46:57.731Z') ON CONFLICT DO NOTHING;
INSERT INTO "employee_permits" ("permit_id","employee_id","permit_type","permit_number","issued_date","expires_at","status","file_path","notes","created_by","created_at","updated_at") VALUES (95,74,'Passport','AA0158213','2023-05-19T17:00:00.000Z','2031-05-17T17:00:00.000Z','Valid',NULL,'Auto-generated',NULL,'2026-05-19T08:46:57.731Z','2026-05-19T08:46:57.731Z') ON CONFLICT DO NOTHING;
INSERT INTO "employee_permits" ("permit_id","employee_id","permit_type","permit_number","issued_date","expires_at","status","file_path","notes","created_by","created_at","updated_at") VALUES (96,74,'Visa','V-2022-001336','2023-06-18T17:00:00.000Z','2028-05-17T17:00:00.000Z','Valid',NULL,'Auto-generated',NULL,'2026-05-19T08:46:57.731Z','2026-05-19T08:46:57.731Z') ON CONFLICT DO NOTHING;
INSERT INTO "employee_permits" ("permit_id","employee_id","permit_type","permit_number","issued_date","expires_at","status","file_path","notes","created_by","created_at","updated_at") VALUES (97,75,'Passport','LA0159451','2025-05-18T17:00:00.000Z','2028-05-17T17:00:00.000Z','Valid',NULL,'Auto-generated',NULL,'2026-05-19T08:46:57.731Z','2026-05-19T08:46:57.731Z') ON CONFLICT DO NOTHING;
INSERT INTO "employee_permits" ("permit_id","employee_id","permit_type","permit_number","issued_date","expires_at","status","file_path","notes","created_by","created_at","updated_at") VALUES (98,75,'Visa','V-2023-001343','2025-06-17T17:00:00.000Z','2027-05-18T17:00:00.000Z','Valid',NULL,'Auto-generated',NULL,'2026-05-19T08:46:57.731Z','2026-05-19T08:46:57.731Z') ON CONFLICT DO NOTHING;
INSERT INTO "employee_permits" ("permit_id","employee_id","permit_type","permit_number","issued_date","expires_at","status","file_path","notes","created_by","created_at","updated_at") VALUES (99,77,'Passport','LA0160690','2024-05-18T17:00:00.000Z','2029-05-17T17:00:00.000Z','Valid',NULL,'Auto-generated',NULL,'2026-05-19T08:46:57.732Z','2026-05-19T08:46:57.732Z') ON CONFLICT DO NOTHING;
INSERT INTO "employee_permits" ("permit_id","employee_id","permit_type","permit_number","issued_date","expires_at","status","file_path","notes","created_by","created_at","updated_at") VALUES (100,77,'Visa','V-2024-001350','2024-06-17T17:00:00.000Z','2028-05-17T17:00:00.000Z','Valid',NULL,'Auto-generated',NULL,'2026-05-19T08:46:57.732Z','2026-05-19T08:46:57.732Z') ON CONFLICT DO NOTHING;
INSERT INTO "employee_permits" ("permit_id","employee_id","permit_type","permit_number","issued_date","expires_at","status","file_path","notes","created_by","created_at","updated_at") VALUES (101,78,'Passport','AA0161928','2023-05-19T17:00:00.000Z','2030-05-17T17:00:00.000Z','Valid',NULL,'Auto-generated',NULL,'2026-05-19T08:46:57.732Z','2026-05-19T08:46:57.732Z') ON CONFLICT DO NOTHING;
INSERT INTO "employee_permits" ("permit_id","employee_id","permit_type","permit_number","issued_date","expires_at","status","file_path","notes","created_by","created_at","updated_at") VALUES (102,78,'Visa','V-2022-001357','2023-06-18T17:00:00.000Z','2027-05-18T17:00:00.000Z','Valid',NULL,'Auto-generated',NULL,'2026-05-19T08:46:57.732Z','2026-05-19T08:46:57.732Z') ON CONFLICT DO NOTHING;
INSERT INTO "employee_permits" ("permit_id","employee_id","permit_type","permit_number","issued_date","expires_at","status","file_path","notes","created_by","created_at","updated_at") VALUES (103,79,'Passport','B0163166','2025-05-18T17:00:00.000Z','2031-05-17T17:00:00.000Z','Valid',NULL,'Auto-generated',NULL,'2026-05-19T08:46:57.732Z','2026-05-19T08:46:57.732Z') ON CONFLICT DO NOTHING;
INSERT INTO "employee_permits" ("permit_id","employee_id","permit_type","permit_number","issued_date","expires_at","status","file_path","notes","created_by","created_at","updated_at") VALUES (104,79,'Visa','V-2023-001364','2025-06-17T17:00:00.000Z','2028-05-17T17:00:00.000Z','Valid',NULL,'Auto-generated',NULL,'2026-05-19T08:46:57.733Z','2026-05-19T08:46:57.733Z') ON CONFLICT DO NOTHING;
INSERT INTO "employee_permits" ("permit_id","employee_id","permit_type","permit_number","issued_date","expires_at","status","file_path","notes","created_by","created_at","updated_at") VALUES (105,84,'Passport','LA0164408','2024-05-18T17:00:00.000Z','2028-05-17T17:00:00.000Z','Valid',NULL,'Auto-generated',NULL,'2026-05-19T08:46:57.733Z','2026-05-19T08:46:57.733Z') ON CONFLICT DO NOTHING;
INSERT INTO "employee_permits" ("permit_id","employee_id","permit_type","permit_number","issued_date","expires_at","status","file_path","notes","created_by","created_at","updated_at") VALUES (106,84,'Visa','V-2024-001371','2024-06-17T17:00:00.000Z','2027-05-18T17:00:00.000Z','Valid',NULL,'Auto-generated',NULL,'2026-05-19T08:46:57.733Z','2026-05-19T08:46:57.733Z') ON CONFLICT DO NOTHING;
INSERT INTO "employee_permits" ("permit_id","employee_id","permit_type","permit_number","issued_date","expires_at","status","file_path","notes","created_by","created_at","updated_at") VALUES (107,85,'Passport','LA0165646','2023-05-19T17:00:00.000Z','2029-05-17T17:00:00.000Z','Valid',NULL,'Auto-generated',NULL,'2026-05-19T08:46:57.733Z','2026-05-19T08:46:57.733Z') ON CONFLICT DO NOTHING;
INSERT INTO "employee_permits" ("permit_id","employee_id","permit_type","permit_number","issued_date","expires_at","status","file_path","notes","created_by","created_at","updated_at") VALUES (108,85,'Visa','V-2022-001378','2023-06-18T17:00:00.000Z','2028-05-17T17:00:00.000Z','Valid',NULL,'Auto-generated',NULL,'2026-05-19T08:46:57.733Z','2026-05-19T08:46:57.733Z') ON CONFLICT DO NOTHING;
INSERT INTO "employee_permits" ("permit_id","employee_id","permit_type","permit_number","issued_date","expires_at","status","file_path","notes","created_by","created_at","updated_at") VALUES (109,86,'Passport','LA0166884','2025-05-18T17:00:00.000Z','2030-05-17T17:00:00.000Z','Valid',NULL,'Auto-generated',NULL,'2026-05-19T08:46:57.734Z','2026-05-19T08:46:57.734Z') ON CONFLICT DO NOTHING;
INSERT INTO "employee_permits" ("permit_id","employee_id","permit_type","permit_number","issued_date","expires_at","status","file_path","notes","created_by","created_at","updated_at") VALUES (110,86,'Visa','V-2023-001385','2025-06-17T17:00:00.000Z','2027-05-18T17:00:00.000Z','Valid',NULL,'Auto-generated',NULL,'2026-05-19T08:46:57.734Z','2026-05-19T08:46:57.734Z') ON CONFLICT DO NOTHING;
INSERT INTO "employee_permits" ("permit_id","employee_id","permit_type","permit_number","issued_date","expires_at","status","file_path","notes","created_by","created_at","updated_at") VALUES (111,87,'Passport','LA0168122','2024-05-18T17:00:00.000Z','2031-05-17T17:00:00.000Z','Valid',NULL,'Auto-generated',NULL,'2026-05-19T08:46:57.734Z','2026-05-19T08:46:57.734Z') ON CONFLICT DO NOTHING;
INSERT INTO "employee_permits" ("permit_id","employee_id","permit_type","permit_number","issued_date","expires_at","status","file_path","notes","created_by","created_at","updated_at") VALUES (112,87,'Visa','V-2024-001392','2024-06-17T17:00:00.000Z','2028-05-17T17:00:00.000Z','Valid',NULL,'Auto-generated',NULL,'2026-05-19T08:46:57.734Z','2026-05-19T08:46:57.734Z') ON CONFLICT DO NOTHING;
INSERT INTO "employee_permits" ("permit_id","employee_id","permit_type","permit_number","issued_date","expires_at","status","file_path","notes","created_by","created_at","updated_at") VALUES (113,88,'Passport','AA0169360','2023-05-19T17:00:00.000Z','2028-05-17T17:00:00.000Z','Valid',NULL,'Auto-generated',NULL,'2026-05-19T08:46:57.734Z','2026-05-19T08:46:57.734Z') ON CONFLICT DO NOTHING;
INSERT INTO "employee_permits" ("permit_id","employee_id","permit_type","permit_number","issued_date","expires_at","status","file_path","notes","created_by","created_at","updated_at") VALUES (114,88,'Visa','V-2022-001399','2023-06-18T17:00:00.000Z','2027-05-18T17:00:00.000Z','Valid',NULL,'Auto-generated',NULL,'2026-05-19T08:46:57.734Z','2026-05-19T08:46:57.734Z') ON CONFLICT DO NOTHING;
INSERT INTO "employee_permits" ("permit_id","employee_id","permit_type","permit_number","issued_date","expires_at","status","file_path","notes","created_by","created_at","updated_at") VALUES (115,89,'Passport','LA0170598','2025-05-18T17:00:00.000Z','2029-05-17T17:00:00.000Z','Valid',NULL,'Auto-generated',NULL,'2026-05-19T08:46:57.735Z','2026-05-19T08:46:57.735Z') ON CONFLICT DO NOTHING;
INSERT INTO "employee_permits" ("permit_id","employee_id","permit_type","permit_number","issued_date","expires_at","status","file_path","notes","created_by","created_at","updated_at") VALUES (116,89,'Visa','V-2023-001406','2025-06-17T17:00:00.000Z','2028-05-17T17:00:00.000Z','Valid',NULL,'Auto-generated',NULL,'2026-05-19T08:46:57.735Z','2026-05-19T08:46:57.735Z') ON CONFLICT DO NOTHING;
INSERT INTO "employee_permits" ("permit_id","employee_id","permit_type","permit_number","issued_date","expires_at","status","file_path","notes","created_by","created_at","updated_at") VALUES (117,90,'Passport','LA0171836','2024-05-18T17:00:00.000Z','2030-05-17T17:00:00.000Z','Valid',NULL,'Auto-generated',NULL,'2026-05-19T08:46:57.735Z','2026-05-19T08:46:57.735Z') ON CONFLICT DO NOTHING;
INSERT INTO "employee_permits" ("permit_id","employee_id","permit_type","permit_number","issued_date","expires_at","status","file_path","notes","created_by","created_at","updated_at") VALUES (118,90,'Visa','V-2024-001413','2024-06-17T17:00:00.000Z','2027-05-18T17:00:00.000Z','Valid',NULL,'Auto-generated',NULL,'2026-05-19T08:46:57.735Z','2026-05-19T08:46:57.735Z') ON CONFLICT DO NOTHING;
INSERT INTO "employee_permits" ("permit_id","employee_id","permit_type","permit_number","issued_date","expires_at","status","file_path","notes","created_by","created_at","updated_at") VALUES (119,91,'Passport','G00173074','2023-05-19T17:00:00.000Z','2031-05-17T17:00:00.000Z','Valid',NULL,'Auto-generated',NULL,'2026-05-19T08:46:57.735Z','2026-05-19T08:46:57.735Z') ON CONFLICT DO NOTHING;
INSERT INTO "employee_permits" ("permit_id","employee_id","permit_type","permit_number","issued_date","expires_at","status","file_path","notes","created_by","created_at","updated_at") VALUES (120,91,'Visa','V-2022-001420','2023-06-18T17:00:00.000Z','2028-05-17T17:00:00.000Z','Valid',NULL,'Auto-generated',NULL,'2026-05-19T08:46:57.735Z','2026-05-19T08:46:57.735Z') ON CONFLICT DO NOTHING;
INSERT INTO "employee_permits" ("permit_id","employee_id","permit_type","permit_number","issued_date","expires_at","status","file_path","notes","created_by","created_at","updated_at") VALUES (121,92,'Passport','LA0174312','2025-05-18T17:00:00.000Z','2028-05-17T17:00:00.000Z','Valid',NULL,'Auto-generated',NULL,'2026-05-19T08:46:57.736Z','2026-05-19T08:46:57.736Z') ON CONFLICT DO NOTHING;
INSERT INTO "employee_permits" ("permit_id","employee_id","permit_type","permit_number","issued_date","expires_at","status","file_path","notes","created_by","created_at","updated_at") VALUES (122,92,'Visa','V-2023-001427','2025-06-17T17:00:00.000Z','2027-05-18T17:00:00.000Z','Valid',NULL,'Auto-generated',NULL,'2026-05-19T08:46:57.736Z','2026-05-19T08:46:57.736Z') ON CONFLICT DO NOTHING;
INSERT INTO "employee_permits" ("permit_id","employee_id","permit_type","permit_number","issued_date","expires_at","status","file_path","notes","created_by","created_at","updated_at") VALUES (123,93,'Passport','AA0175550','2024-05-18T17:00:00.000Z','2029-05-17T17:00:00.000Z','Valid',NULL,'Auto-generated',NULL,'2026-05-19T08:46:57.736Z','2026-05-19T08:46:57.736Z') ON CONFLICT DO NOTHING;
INSERT INTO "employee_permits" ("permit_id","employee_id","permit_type","permit_number","issued_date","expires_at","status","file_path","notes","created_by","created_at","updated_at") VALUES (124,93,'Visa','V-2024-001434','2024-06-17T17:00:00.000Z','2028-05-17T17:00:00.000Z','Valid',NULL,'Auto-generated',NULL,'2026-05-19T08:46:57.736Z','2026-05-19T08:46:57.736Z') ON CONFLICT DO NOTHING;
INSERT INTO "employee_permits" ("permit_id","employee_id","permit_type","permit_number","issued_date","expires_at","status","file_path","notes","created_by","created_at","updated_at") VALUES (125,94,'Passport','LA0176788','2023-05-19T17:00:00.000Z','2030-05-17T17:00:00.000Z','Valid',NULL,'Auto-generated',NULL,'2026-05-19T08:46:57.736Z','2026-05-19T08:46:57.736Z') ON CONFLICT DO NOTHING;
INSERT INTO "employee_permits" ("permit_id","employee_id","permit_type","permit_number","issued_date","expires_at","status","file_path","notes","created_by","created_at","updated_at") VALUES (126,94,'Visa','V-2022-001441','2023-06-18T17:00:00.000Z','2027-05-18T17:00:00.000Z','Valid',NULL,'Auto-generated',NULL,'2026-05-19T08:46:57.737Z','2026-05-19T08:46:57.737Z') ON CONFLICT DO NOTHING;
INSERT INTO "employee_permits" ("permit_id","employee_id","permit_type","permit_number","issued_date","expires_at","status","file_path","notes","created_by","created_at","updated_at") VALUES (127,95,'Passport','G00178026','2025-05-18T17:00:00.000Z','2031-05-17T17:00:00.000Z','Valid',NULL,'Auto-generated',NULL,'2026-05-19T08:46:57.737Z','2026-05-19T08:46:57.737Z') ON CONFLICT DO NOTHING;
INSERT INTO "employee_permits" ("permit_id","employee_id","permit_type","permit_number","issued_date","expires_at","status","file_path","notes","created_by","created_at","updated_at") VALUES (128,95,'Visa','V-2023-001448','2025-06-17T17:00:00.000Z','2028-05-17T17:00:00.000Z','Valid',NULL,'Auto-generated',NULL,'2026-05-19T08:46:57.737Z','2026-05-19T08:46:57.737Z') ON CONFLICT DO NOTHING;
INSERT INTO "employee_permits" ("permit_id","employee_id","permit_type","permit_number","issued_date","expires_at","status","file_path","notes","created_by","created_at","updated_at") VALUES (129,96,'Passport','LA0179264','2024-05-18T17:00:00.000Z','2028-05-17T17:00:00.000Z','Valid',NULL,'Auto-generated',NULL,'2026-05-19T08:46:57.737Z','2026-05-19T08:46:57.737Z') ON CONFLICT DO NOTHING;
INSERT INTO "employee_permits" ("permit_id","employee_id","permit_type","permit_number","issued_date","expires_at","status","file_path","notes","created_by","created_at","updated_at") VALUES (130,96,'Visa','V-2024-001455','2024-06-17T17:00:00.000Z','2027-05-18T17:00:00.000Z','Valid',NULL,'Auto-generated',NULL,'2026-05-19T08:46:57.737Z','2026-05-19T08:46:57.737Z') ON CONFLICT DO NOTHING;
INSERT INTO "employee_permits" ("permit_id","employee_id","permit_type","permit_number","issued_date","expires_at","status","file_path","notes","created_by","created_at","updated_at") VALUES (131,97,'Passport','B0180502','2023-05-19T17:00:00.000Z','2029-05-17T17:00:00.000Z','Valid',NULL,'Auto-generated',NULL,'2026-05-19T08:46:57.738Z','2026-05-19T08:46:57.738Z') ON CONFLICT DO NOTHING;
INSERT INTO "employee_permits" ("permit_id","employee_id","permit_type","permit_number","issued_date","expires_at","status","file_path","notes","created_by","created_at","updated_at") VALUES (132,97,'Visa','V-2022-001462','2023-06-18T17:00:00.000Z','2028-05-17T17:00:00.000Z','Valid',NULL,'Auto-generated',NULL,'2026-05-19T08:46:57.738Z','2026-05-19T08:46:57.738Z') ON CONFLICT DO NOTHING;
INSERT INTO "employee_permits" ("permit_id","employee_id","permit_type","permit_number","issued_date","expires_at","status","file_path","notes","created_by","created_at","updated_at") VALUES (133,98,'Passport','LA0181740','2025-05-18T17:00:00.000Z','2030-05-17T17:00:00.000Z','Valid',NULL,'Auto-generated',NULL,'2026-05-19T08:46:57.738Z','2026-05-19T08:46:57.738Z') ON CONFLICT DO NOTHING;
INSERT INTO "employee_permits" ("permit_id","employee_id","permit_type","permit_number","issued_date","expires_at","status","file_path","notes","created_by","created_at","updated_at") VALUES (134,98,'Visa','V-2023-001469','2025-06-17T17:00:00.000Z','2027-05-18T17:00:00.000Z','Valid',NULL,'Auto-generated',NULL,'2026-05-19T08:46:57.738Z','2026-05-19T08:46:57.738Z') ON CONFLICT DO NOTHING;
INSERT INTO "employee_permits" ("permit_id","employee_id","permit_type","permit_number","issued_date","expires_at","status","file_path","notes","created_by","created_at","updated_at") VALUES (135,99,'Passport','B0182978','2024-05-18T17:00:00.000Z','2031-05-17T17:00:00.000Z','Valid',NULL,'Auto-generated',NULL,'2026-05-19T08:46:57.738Z','2026-05-19T08:46:57.738Z') ON CONFLICT DO NOTHING;
INSERT INTO "employee_permits" ("permit_id","employee_id","permit_type","permit_number","issued_date","expires_at","status","file_path","notes","created_by","created_at","updated_at") VALUES (136,99,'Visa','V-2024-001476','2024-06-17T17:00:00.000Z','2028-05-17T17:00:00.000Z','Valid',NULL,'Auto-generated',NULL,'2026-05-19T08:46:57.738Z','2026-05-19T08:46:57.738Z') ON CONFLICT DO NOTHING;
INSERT INTO "employee_permits" ("permit_id","employee_id","permit_type","permit_number","issued_date","expires_at","status","file_path","notes","created_by","created_at","updated_at") VALUES (137,100,'Passport','LA0184216','2023-05-19T17:00:00.000Z','2028-05-17T17:00:00.000Z','Valid',NULL,'Auto-generated',NULL,'2026-05-19T08:46:57.739Z','2026-05-19T08:46:57.739Z') ON CONFLICT DO NOTHING;
INSERT INTO "employee_permits" ("permit_id","employee_id","permit_type","permit_number","issued_date","expires_at","status","file_path","notes","created_by","created_at","updated_at") VALUES (138,100,'Visa','V-2022-001483','2023-06-18T17:00:00.000Z','2027-05-18T17:00:00.000Z','Valid',NULL,'Auto-generated',NULL,'2026-05-19T08:46:57.739Z','2026-05-19T08:46:57.739Z') ON CONFLICT DO NOTHING;
INSERT INTO "employee_permits" ("permit_id","employee_id","permit_type","permit_number","issued_date","expires_at","status","file_path","notes","created_by","created_at","updated_at") VALUES (139,101,'Passport','LA0185454','2025-05-18T17:00:00.000Z','2029-05-17T17:00:00.000Z','Valid',NULL,'Auto-generated',NULL,'2026-05-19T08:46:57.739Z','2026-05-19T08:46:57.739Z') ON CONFLICT DO NOTHING;
INSERT INTO "employee_permits" ("permit_id","employee_id","permit_type","permit_number","issued_date","expires_at","status","file_path","notes","created_by","created_at","updated_at") VALUES (140,101,'Visa','V-2023-001490','2025-06-17T17:00:00.000Z','2028-05-17T17:00:00.000Z','Valid',NULL,'Auto-generated',NULL,'2026-05-19T08:46:57.739Z','2026-05-19T08:46:57.739Z') ON CONFLICT DO NOTHING;
INSERT INTO "employee_permits" ("permit_id","employee_id","permit_type","permit_number","issued_date","expires_at","status","file_path","notes","created_by","created_at","updated_at") VALUES (141,102,'Passport','B0186692','2024-05-18T17:00:00.000Z','2030-05-17T17:00:00.000Z','Valid',NULL,'Auto-generated',NULL,'2026-05-19T08:46:57.739Z','2026-05-19T08:46:57.739Z') ON CONFLICT DO NOTHING;
INSERT INTO "employee_permits" ("permit_id","employee_id","permit_type","permit_number","issued_date","expires_at","status","file_path","notes","created_by","created_at","updated_at") VALUES (142,102,'Visa','V-2024-001497','2024-06-17T17:00:00.000Z','2027-05-18T17:00:00.000Z','Valid',NULL,'Auto-generated',NULL,'2026-05-19T08:46:57.739Z','2026-05-19T08:46:57.739Z') ON CONFLICT DO NOTHING;
INSERT INTO "employee_permits" ("permit_id","employee_id","permit_type","permit_number","issued_date","expires_at","status","file_path","notes","created_by","created_at","updated_at") VALUES (143,103,'Passport','LA0187930','2023-05-19T17:00:00.000Z','2031-05-17T17:00:00.000Z','Valid',NULL,'Auto-generated',NULL,'2026-05-19T08:46:57.740Z','2026-05-19T08:46:57.740Z') ON CONFLICT DO NOTHING;
INSERT INTO "employee_permits" ("permit_id","employee_id","permit_type","permit_number","issued_date","expires_at","status","file_path","notes","created_by","created_at","updated_at") VALUES (144,103,'Visa','V-2022-001504','2023-06-18T17:00:00.000Z','2028-05-17T17:00:00.000Z','Valid',NULL,'Auto-generated',NULL,'2026-05-19T08:46:57.740Z','2026-05-19T08:46:57.740Z') ON CONFLICT DO NOTHING;
INSERT INTO "employee_permits" ("permit_id","employee_id","permit_type","permit_number","issued_date","expires_at","status","file_path","notes","created_by","created_at","updated_at") VALUES (145,104,'Passport','LA0189168','2025-05-18T17:00:00.000Z','2028-05-17T17:00:00.000Z','Valid',NULL,'Auto-generated',NULL,'2026-05-19T08:46:57.740Z','2026-05-19T08:46:57.740Z') ON CONFLICT DO NOTHING;
INSERT INTO "employee_permits" ("permit_id","employee_id","permit_type","permit_number","issued_date","expires_at","status","file_path","notes","created_by","created_at","updated_at") VALUES (146,104,'Visa','V-2023-001511','2025-06-17T17:00:00.000Z','2027-05-18T17:00:00.000Z','Valid',NULL,'Auto-generated',NULL,'2026-05-19T08:46:57.740Z','2026-05-19T08:46:57.740Z') ON CONFLICT DO NOTHING;
INSERT INTO "employee_permits" ("permit_id","employee_id","permit_type","permit_number","issued_date","expires_at","status","file_path","notes","created_by","created_at","updated_at") VALUES (147,105,'Passport','LA0190406','2024-05-18T17:00:00.000Z','2029-05-17T17:00:00.000Z','Valid',NULL,'Auto-generated',NULL,'2026-05-19T08:46:57.740Z','2026-05-19T08:46:57.740Z') ON CONFLICT DO NOTHING;
INSERT INTO "employee_permits" ("permit_id","employee_id","permit_type","permit_number","issued_date","expires_at","status","file_path","notes","created_by","created_at","updated_at") VALUES (148,105,'Visa','V-2024-001518','2024-06-17T17:00:00.000Z','2028-05-17T17:00:00.000Z','Valid',NULL,'Auto-generated',NULL,'2026-05-19T08:46:57.740Z','2026-05-19T08:46:57.740Z') ON CONFLICT DO NOTHING;
INSERT INTO "employee_permits" ("permit_id","employee_id","permit_type","permit_number","issued_date","expires_at","status","file_path","notes","created_by","created_at","updated_at") VALUES (149,106,'Passport','LA0191644','2023-05-19T17:00:00.000Z','2030-05-17T17:00:00.000Z','Valid',NULL,'Auto-generated',NULL,'2026-05-19T08:46:57.741Z','2026-05-19T08:46:57.741Z') ON CONFLICT DO NOTHING;
INSERT INTO "employee_permits" ("permit_id","employee_id","permit_type","permit_number","issued_date","expires_at","status","file_path","notes","created_by","created_at","updated_at") VALUES (150,106,'Visa','V-2022-001525','2023-06-18T17:00:00.000Z','2027-05-18T17:00:00.000Z','Valid',NULL,'Auto-generated',NULL,'2026-05-19T08:46:57.741Z','2026-05-19T08:46:57.741Z') ON CONFLICT DO NOTHING;
INSERT INTO "employee_permits" ("permit_id","employee_id","permit_type","permit_number","issued_date","expires_at","status","file_path","notes","created_by","created_at","updated_at") VALUES (151,107,'Passport','AA0192882','2025-05-18T17:00:00.000Z','2031-05-17T17:00:00.000Z','Valid',NULL,'Auto-generated',NULL,'2026-05-19T08:46:57.741Z','2026-05-19T08:46:57.741Z') ON CONFLICT DO NOTHING;
INSERT INTO "employee_permits" ("permit_id","employee_id","permit_type","permit_number","issued_date","expires_at","status","file_path","notes","created_by","created_at","updated_at") VALUES (152,107,'Visa','V-2023-001532','2025-06-17T17:00:00.000Z','2028-05-17T17:00:00.000Z','Valid',NULL,'Auto-generated',NULL,'2026-05-19T08:46:57.741Z','2026-05-19T08:46:57.741Z') ON CONFLICT DO NOTHING;
INSERT INTO "employee_permits" ("permit_id","employee_id","permit_type","permit_number","issued_date","expires_at","status","file_path","notes","created_by","created_at","updated_at") VALUES (153,108,'Passport','LA0194120','2024-05-18T17:00:00.000Z','2028-05-17T17:00:00.000Z','Valid',NULL,'Auto-generated',NULL,'2026-05-19T08:46:57.741Z','2026-05-19T08:46:57.741Z') ON CONFLICT DO NOTHING;
INSERT INTO "employee_permits" ("permit_id","employee_id","permit_type","permit_number","issued_date","expires_at","status","file_path","notes","created_by","created_at","updated_at") VALUES (154,108,'Visa','V-2024-001539','2024-06-17T17:00:00.000Z','2027-05-18T17:00:00.000Z','Valid',NULL,'Auto-generated',NULL,'2026-05-19T08:46:57.741Z','2026-05-19T08:46:57.741Z') ON CONFLICT DO NOTHING;
INSERT INTO "employee_permits" ("permit_id","employee_id","permit_type","permit_number","issued_date","expires_at","status","file_path","notes","created_by","created_at","updated_at") VALUES (155,109,'Passport','LA0195358','2023-05-19T17:00:00.000Z','2029-05-17T17:00:00.000Z','Valid',NULL,'Auto-generated',NULL,'2026-05-19T08:46:57.742Z','2026-05-19T08:46:57.742Z') ON CONFLICT DO NOTHING;
INSERT INTO "employee_permits" ("permit_id","employee_id","permit_type","permit_number","issued_date","expires_at","status","file_path","notes","created_by","created_at","updated_at") VALUES (156,109,'Visa','V-2022-001546','2023-06-18T17:00:00.000Z','2028-05-17T17:00:00.000Z','Valid',NULL,'Auto-generated',NULL,'2026-05-19T08:46:57.742Z','2026-05-19T08:46:57.742Z') ON CONFLICT DO NOTHING;
INSERT INTO "employee_permits" ("permit_id","employee_id","permit_type","permit_number","issued_date","expires_at","status","file_path","notes","created_by","created_at","updated_at") VALUES (157,110,'Passport','LA0196596','2025-05-18T17:00:00.000Z','2030-05-17T17:00:00.000Z','Valid',NULL,'Auto-generated',NULL,'2026-05-19T08:46:57.742Z','2026-05-19T08:46:57.742Z') ON CONFLICT DO NOTHING;
INSERT INTO "employee_permits" ("permit_id","employee_id","permit_type","permit_number","issued_date","expires_at","status","file_path","notes","created_by","created_at","updated_at") VALUES (158,110,'Visa','V-2023-001553','2025-06-17T17:00:00.000Z','2027-05-18T17:00:00.000Z','Valid',NULL,'Auto-generated',NULL,'2026-05-19T08:46:57.742Z','2026-05-19T08:46:57.742Z') ON CONFLICT DO NOTHING;
INSERT INTO "employee_permits" ("permit_id","employee_id","permit_type","permit_number","issued_date","expires_at","status","file_path","notes","created_by","created_at","updated_at") VALUES (159,111,'Passport','B0197834','2024-05-18T17:00:00.000Z','2031-05-17T17:00:00.000Z','Valid',NULL,'Auto-generated',NULL,'2026-05-19T08:46:57.742Z','2026-05-19T08:46:57.742Z') ON CONFLICT DO NOTHING;
INSERT INTO "employee_permits" ("permit_id","employee_id","permit_type","permit_number","issued_date","expires_at","status","file_path","notes","created_by","created_at","updated_at") VALUES (160,111,'Visa','V-2024-001560','2024-06-17T17:00:00.000Z','2028-05-17T17:00:00.000Z','Valid',NULL,'Auto-generated',NULL,'2026-05-19T08:46:57.742Z','2026-05-19T08:46:57.742Z') ON CONFLICT DO NOTHING;
INSERT INTO "employee_permits" ("permit_id","employee_id","permit_type","permit_number","issued_date","expires_at","status","file_path","notes","created_by","created_at","updated_at") VALUES (161,112,'Passport','LA0199072','2023-05-19T17:00:00.000Z','2028-05-17T17:00:00.000Z','Valid',NULL,'Auto-generated',NULL,'2026-05-19T08:46:57.742Z','2026-05-19T08:46:57.742Z') ON CONFLICT DO NOTHING;
INSERT INTO "employee_permits" ("permit_id","employee_id","permit_type","permit_number","issued_date","expires_at","status","file_path","notes","created_by","created_at","updated_at") VALUES (162,112,'Visa','V-2022-001567','2023-06-18T17:00:00.000Z','2027-05-18T17:00:00.000Z','Valid',NULL,'Auto-generated',NULL,'2026-05-19T08:46:57.743Z','2026-05-19T08:46:57.743Z') ON CONFLICT DO NOTHING;
INSERT INTO "employee_permits" ("permit_id","employee_id","permit_type","permit_number","issued_date","expires_at","status","file_path","notes","created_by","created_at","updated_at") VALUES (163,113,'Passport','LA0200310','2025-05-18T17:00:00.000Z','2029-05-17T17:00:00.000Z','Valid',NULL,'Auto-generated',NULL,'2026-05-19T08:46:57.743Z','2026-05-19T08:46:57.743Z') ON CONFLICT DO NOTHING;
INSERT INTO "employee_permits" ("permit_id","employee_id","permit_type","permit_number","issued_date","expires_at","status","file_path","notes","created_by","created_at","updated_at") VALUES (164,113,'Visa','V-2023-001574','2025-06-17T17:00:00.000Z','2028-05-17T17:00:00.000Z','Valid',NULL,'Auto-generated',NULL,'2026-05-19T08:46:57.743Z','2026-05-19T08:46:57.743Z') ON CONFLICT DO NOTHING;
INSERT INTO "employee_permits" ("permit_id","employee_id","permit_type","permit_number","issued_date","expires_at","status","file_path","notes","created_by","created_at","updated_at") VALUES (165,114,'Passport','LA0201548','2024-05-18T17:00:00.000Z','2030-05-17T17:00:00.000Z','Valid',NULL,'Auto-generated',NULL,'2026-05-19T08:46:57.743Z','2026-05-19T08:46:57.743Z') ON CONFLICT DO NOTHING;
INSERT INTO "employee_permits" ("permit_id","employee_id","permit_type","permit_number","issued_date","expires_at","status","file_path","notes","created_by","created_at","updated_at") VALUES (166,114,'Visa','V-2024-001581','2024-06-17T17:00:00.000Z','2027-05-18T17:00:00.000Z','Valid',NULL,'Auto-generated',NULL,'2026-05-19T08:46:57.743Z','2026-05-19T08:46:57.743Z') ON CONFLICT DO NOTHING;
INSERT INTO "employee_permits" ("permit_id","employee_id","permit_type","permit_number","issued_date","expires_at","status","file_path","notes","created_by","created_at","updated_at") VALUES (167,115,'Passport','LA0202786','2023-05-19T17:00:00.000Z','2031-05-17T17:00:00.000Z','Valid',NULL,'Auto-generated',NULL,'2026-05-19T08:46:57.743Z','2026-05-19T08:46:57.743Z') ON CONFLICT DO NOTHING;
INSERT INTO "employee_permits" ("permit_id","employee_id","permit_type","permit_number","issued_date","expires_at","status","file_path","notes","created_by","created_at","updated_at") VALUES (168,115,'Visa','V-2022-001588','2023-06-18T17:00:00.000Z','2028-05-17T17:00:00.000Z','Valid',NULL,'Auto-generated',NULL,'2026-05-19T08:46:57.744Z','2026-05-19T08:46:57.744Z') ON CONFLICT DO NOTHING;
INSERT INTO "employee_permits" ("permit_id","employee_id","permit_type","permit_number","issued_date","expires_at","status","file_path","notes","created_by","created_at","updated_at") VALUES (169,116,'Passport','LA0204024','2025-05-18T17:00:00.000Z','2028-05-17T17:00:00.000Z','Valid',NULL,'Auto-generated',NULL,'2026-05-19T08:46:57.744Z','2026-05-19T08:46:57.744Z') ON CONFLICT DO NOTHING;
INSERT INTO "employee_permits" ("permit_id","employee_id","permit_type","permit_number","issued_date","expires_at","status","file_path","notes","created_by","created_at","updated_at") VALUES (170,116,'Visa','V-2023-001595','2025-06-17T17:00:00.000Z','2027-05-18T17:00:00.000Z','Valid',NULL,'Auto-generated',NULL,'2026-05-19T08:46:57.744Z','2026-05-19T08:46:57.744Z') ON CONFLICT DO NOTHING;
INSERT INTO "employee_permits" ("permit_id","employee_id","permit_type","permit_number","issued_date","expires_at","status","file_path","notes","created_by","created_at","updated_at") VALUES (171,117,'Passport','LA0205262','2024-05-18T17:00:00.000Z','2029-05-17T17:00:00.000Z','Valid',NULL,'Auto-generated',NULL,'2026-05-19T08:46:57.744Z','2026-05-19T08:46:57.744Z') ON CONFLICT DO NOTHING;
INSERT INTO "employee_permits" ("permit_id","employee_id","permit_type","permit_number","issued_date","expires_at","status","file_path","notes","created_by","created_at","updated_at") VALUES (172,117,'Visa','V-2024-001602','2024-06-17T17:00:00.000Z','2028-05-17T17:00:00.000Z','Valid',NULL,'Auto-generated',NULL,'2026-05-19T08:46:57.744Z','2026-05-19T08:46:57.744Z') ON CONFLICT DO NOTHING;
INSERT INTO "employee_permits" ("permit_id","employee_id","permit_type","permit_number","issued_date","expires_at","status","file_path","notes","created_by","created_at","updated_at") VALUES (173,118,'Passport','LA0206500','2023-05-19T17:00:00.000Z','2030-05-17T17:00:00.000Z','Valid',NULL,'Auto-generated',NULL,'2026-05-19T08:46:57.745Z','2026-05-19T08:46:57.745Z') ON CONFLICT DO NOTHING;
INSERT INTO "employee_permits" ("permit_id","employee_id","permit_type","permit_number","issued_date","expires_at","status","file_path","notes","created_by","created_at","updated_at") VALUES (174,118,'Visa','V-2022-001609','2023-06-18T17:00:00.000Z','2027-05-18T17:00:00.000Z','Valid',NULL,'Auto-generated',NULL,'2026-05-19T08:46:57.745Z','2026-05-19T08:46:57.745Z') ON CONFLICT DO NOTHING;
INSERT INTO "employee_permits" ("permit_id","employee_id","permit_type","permit_number","issued_date","expires_at","status","file_path","notes","created_by","created_at","updated_at") VALUES (175,119,'Passport','LA0207738','2025-05-18T17:00:00.000Z','2031-05-17T17:00:00.000Z','Valid',NULL,'Auto-generated',NULL,'2026-05-19T08:46:57.745Z','2026-05-19T08:46:57.745Z') ON CONFLICT DO NOTHING;
INSERT INTO "employee_permits" ("permit_id","employee_id","permit_type","permit_number","issued_date","expires_at","status","file_path","notes","created_by","created_at","updated_at") VALUES (176,119,'Visa','V-2023-001616','2025-06-17T17:00:00.000Z','2028-05-17T17:00:00.000Z','Valid',NULL,'Auto-generated',NULL,'2026-05-19T08:46:57.745Z','2026-05-19T08:46:57.745Z') ON CONFLICT DO NOTHING;
INSERT INTO "employee_permits" ("permit_id","employee_id","permit_type","permit_number","issued_date","expires_at","status","file_path","notes","created_by","created_at","updated_at") VALUES (177,120,'Passport','G00208976','2024-05-18T17:00:00.000Z','2028-05-17T17:00:00.000Z','Valid',NULL,'Auto-generated',NULL,'2026-05-19T08:46:57.745Z','2026-05-19T08:46:57.745Z') ON CONFLICT DO NOTHING;
INSERT INTO "employee_permits" ("permit_id","employee_id","permit_type","permit_number","issued_date","expires_at","status","file_path","notes","created_by","created_at","updated_at") VALUES (178,120,'Visa','V-2024-001623','2024-06-17T17:00:00.000Z','2027-05-18T17:00:00.000Z','Valid',NULL,'Auto-generated',NULL,'2026-05-19T08:46:57.746Z','2026-05-19T08:46:57.746Z') ON CONFLICT DO NOTHING;
INSERT INTO "employee_permits" ("permit_id","employee_id","permit_type","permit_number","issued_date","expires_at","status","file_path","notes","created_by","created_at","updated_at") VALUES (179,121,'Passport','AA0210214','2023-05-19T17:00:00.000Z','2029-05-17T17:00:00.000Z','Valid',NULL,'Auto-generated',NULL,'2026-05-19T08:46:57.747Z','2026-05-19T08:46:57.747Z') ON CONFLICT DO NOTHING;
INSERT INTO "employee_permits" ("permit_id","employee_id","permit_type","permit_number","issued_date","expires_at","status","file_path","notes","created_by","created_at","updated_at") VALUES (180,121,'Visa','V-2022-001630','2023-06-18T17:00:00.000Z','2028-05-17T17:00:00.000Z','Valid',NULL,'Auto-generated',NULL,'2026-05-19T08:46:57.747Z','2026-05-19T08:46:57.747Z') ON CONFLICT DO NOTHING;
INSERT INTO "employee_permits" ("permit_id","employee_id","permit_type","permit_number","issued_date","expires_at","status","file_path","notes","created_by","created_at","updated_at") VALUES (181,122,'Passport','LA0211452','2025-05-18T17:00:00.000Z','2030-05-17T17:00:00.000Z','Valid',NULL,'Auto-generated',NULL,'2026-05-19T08:46:57.747Z','2026-05-19T08:46:57.747Z') ON CONFLICT DO NOTHING;
INSERT INTO "employee_permits" ("permit_id","employee_id","permit_type","permit_number","issued_date","expires_at","status","file_path","notes","created_by","created_at","updated_at") VALUES (182,122,'Visa','V-2023-001637','2025-06-17T17:00:00.000Z','2027-05-18T17:00:00.000Z','Valid',NULL,'Auto-generated',NULL,'2026-05-19T08:46:57.747Z','2026-05-19T08:46:57.747Z') ON CONFLICT DO NOTHING;
INSERT INTO "employee_permits" ("permit_id","employee_id","permit_type","permit_number","issued_date","expires_at","status","file_path","notes","created_by","created_at","updated_at") VALUES (183,123,'Passport','B0212690','2024-05-18T17:00:00.000Z','2031-05-17T17:00:00.000Z','Valid',NULL,'Auto-generated',NULL,'2026-05-19T08:46:57.747Z','2026-05-19T08:46:57.747Z') ON CONFLICT DO NOTHING;
INSERT INTO "employee_permits" ("permit_id","employee_id","permit_type","permit_number","issued_date","expires_at","status","file_path","notes","created_by","created_at","updated_at") VALUES (184,123,'Visa','V-2024-001644','2024-06-17T17:00:00.000Z','2028-05-17T17:00:00.000Z','Valid',NULL,'Auto-generated',NULL,'2026-05-19T08:46:57.747Z','2026-05-19T08:46:57.747Z') ON CONFLICT DO NOTHING;
INSERT INTO "employee_permits" ("permit_id","employee_id","permit_type","permit_number","issued_date","expires_at","status","file_path","notes","created_by","created_at","updated_at") VALUES (185,124,'Passport','LA0213928','2023-05-19T17:00:00.000Z','2028-05-17T17:00:00.000Z','Valid',NULL,'Auto-generated',NULL,'2026-05-19T08:46:57.748Z','2026-05-19T08:46:57.748Z') ON CONFLICT DO NOTHING;
INSERT INTO "employee_permits" ("permit_id","employee_id","permit_type","permit_number","issued_date","expires_at","status","file_path","notes","created_by","created_at","updated_at") VALUES (186,124,'Visa','V-2022-001651','2023-06-18T17:00:00.000Z','2027-05-18T17:00:00.000Z','Valid',NULL,'Auto-generated',NULL,'2026-05-19T08:46:57.748Z','2026-05-19T08:46:57.748Z') ON CONFLICT DO NOTHING;
INSERT INTO "employee_permits" ("permit_id","employee_id","permit_type","permit_number","issued_date","expires_at","status","file_path","notes","created_by","created_at","updated_at") VALUES (187,125,'Passport','LA0215166','2025-05-18T17:00:00.000Z','2029-05-17T17:00:00.000Z','Valid',NULL,'Auto-generated',NULL,'2026-05-19T08:46:57.748Z','2026-05-19T08:46:57.748Z') ON CONFLICT DO NOTHING;
INSERT INTO "employee_permits" ("permit_id","employee_id","permit_type","permit_number","issued_date","expires_at","status","file_path","notes","created_by","created_at","updated_at") VALUES (188,125,'Visa','V-2023-001658','2025-06-17T17:00:00.000Z','2028-05-17T17:00:00.000Z','Valid',NULL,'Auto-generated',NULL,'2026-05-19T08:46:57.748Z','2026-05-19T08:46:57.748Z') ON CONFLICT DO NOTHING;
INSERT INTO "employee_permits" ("permit_id","employee_id","permit_type","permit_number","issued_date","expires_at","status","file_path","notes","created_by","created_at","updated_at") VALUES (189,126,'Passport','G00216404','2024-05-18T17:00:00.000Z','2030-05-17T17:00:00.000Z','Valid',NULL,'Auto-generated',NULL,'2026-05-19T08:46:57.748Z','2026-05-19T08:46:57.748Z') ON CONFLICT DO NOTHING;
INSERT INTO "employee_permits" ("permit_id","employee_id","permit_type","permit_number","issued_date","expires_at","status","file_path","notes","created_by","created_at","updated_at") VALUES (190,126,'Visa','V-2024-001665','2024-06-17T17:00:00.000Z','2027-05-18T17:00:00.000Z','Valid',NULL,'Auto-generated',NULL,'2026-05-19T08:46:57.748Z','2026-05-19T08:46:57.748Z') ON CONFLICT DO NOTHING;
INSERT INTO "employee_permits" ("permit_id","employee_id","permit_type","permit_number","issued_date","expires_at","status","file_path","notes","created_by","created_at","updated_at") VALUES (191,127,'Passport','LA0217642','2023-05-19T17:00:00.000Z','2031-05-17T17:00:00.000Z','Valid',NULL,'Auto-generated',NULL,'2026-05-19T08:46:57.749Z','2026-05-19T08:46:57.749Z') ON CONFLICT DO NOTHING;
INSERT INTO "employee_permits" ("permit_id","employee_id","permit_type","permit_number","issued_date","expires_at","status","file_path","notes","created_by","created_at","updated_at") VALUES (192,127,'Visa','V-2022-001672','2023-06-18T17:00:00.000Z','2028-05-17T17:00:00.000Z','Valid',NULL,'Auto-generated',NULL,'2026-05-19T08:46:57.749Z','2026-05-19T08:46:57.749Z') ON CONFLICT DO NOTHING;
INSERT INTO "employee_permits" ("permit_id","employee_id","permit_type","permit_number","issued_date","expires_at","status","file_path","notes","created_by","created_at","updated_at") VALUES (193,128,'Passport','B0218880','2025-05-18T17:00:00.000Z','2028-05-17T17:00:00.000Z','Valid',NULL,'Auto-generated',NULL,'2026-05-19T08:46:57.749Z','2026-05-19T08:46:57.749Z') ON CONFLICT DO NOTHING;
INSERT INTO "employee_permits" ("permit_id","employee_id","permit_type","permit_number","issued_date","expires_at","status","file_path","notes","created_by","created_at","updated_at") VALUES (194,128,'Visa','V-2023-001679','2025-06-17T17:00:00.000Z','2027-05-18T17:00:00.000Z','Valid',NULL,'Auto-generated',NULL,'2026-05-19T08:46:57.749Z','2026-05-19T08:46:57.749Z') ON CONFLICT DO NOTHING;
INSERT INTO "employee_permits" ("permit_id","employee_id","permit_type","permit_number","issued_date","expires_at","status","file_path","notes","created_by","created_at","updated_at") VALUES (195,129,'Passport','LA0220118','2024-05-18T17:00:00.000Z','2029-05-17T17:00:00.000Z','Valid',NULL,'Auto-generated',NULL,'2026-05-19T08:46:57.749Z','2026-05-19T08:46:57.749Z') ON CONFLICT DO NOTHING;
INSERT INTO "employee_permits" ("permit_id","employee_id","permit_type","permit_number","issued_date","expires_at","status","file_path","notes","created_by","created_at","updated_at") VALUES (196,129,'Visa','V-2024-001686','2024-06-17T17:00:00.000Z','2028-05-17T17:00:00.000Z','Valid',NULL,'Auto-generated',NULL,'2026-05-19T08:46:57.749Z','2026-05-19T08:46:57.749Z') ON CONFLICT DO NOTHING;
INSERT INTO "employee_permits" ("permit_id","employee_id","permit_type","permit_number","issued_date","expires_at","status","file_path","notes","created_by","created_at","updated_at") VALUES (197,130,'Passport','LA0221356','2023-05-19T17:00:00.000Z','2030-05-17T17:00:00.000Z','Valid',NULL,'Auto-generated',NULL,'2026-05-19T08:46:57.750Z','2026-05-19T08:46:57.750Z') ON CONFLICT DO NOTHING;
INSERT INTO "employee_permits" ("permit_id","employee_id","permit_type","permit_number","issued_date","expires_at","status","file_path","notes","created_by","created_at","updated_at") VALUES (198,130,'Visa','V-2022-001693','2023-06-18T17:00:00.000Z','2027-05-18T17:00:00.000Z','Valid',NULL,'Auto-generated',NULL,'2026-05-19T08:46:57.750Z','2026-05-19T08:46:57.750Z') ON CONFLICT DO NOTHING;
INSERT INTO "employee_permits" ("permit_id","employee_id","permit_type","permit_number","issued_date","expires_at","status","file_path","notes","created_by","created_at","updated_at") VALUES (199,131,'Passport','G00222594','2025-05-18T17:00:00.000Z','2031-05-17T17:00:00.000Z','Valid',NULL,'Auto-generated',NULL,'2026-05-19T08:46:57.750Z','2026-05-19T08:46:57.750Z') ON CONFLICT DO NOTHING;
INSERT INTO "employee_permits" ("permit_id","employee_id","permit_type","permit_number","issued_date","expires_at","status","file_path","notes","created_by","created_at","updated_at") VALUES (200,131,'Visa','V-2023-001700','2025-06-17T17:00:00.000Z','2028-05-17T17:00:00.000Z','Valid',NULL,'Auto-generated',NULL,'2026-05-19T08:46:57.750Z','2026-05-19T08:46:57.750Z') ON CONFLICT DO NOTHING;
INSERT INTO "employee_permits" ("permit_id","employee_id","permit_type","permit_number","issued_date","expires_at","status","file_path","notes","created_by","created_at","updated_at") VALUES (201,132,'Passport','G00223832','2024-05-18T17:00:00.000Z','2028-05-17T17:00:00.000Z','Valid',NULL,'Auto-generated',NULL,'2026-05-19T08:46:57.750Z','2026-05-19T08:46:57.750Z') ON CONFLICT DO NOTHING;
INSERT INTO "employee_permits" ("permit_id","employee_id","permit_type","permit_number","issued_date","expires_at","status","file_path","notes","created_by","created_at","updated_at") VALUES (202,132,'Visa','V-2024-001707','2024-06-17T17:00:00.000Z','2027-05-18T17:00:00.000Z','Valid',NULL,'Auto-generated',NULL,'2026-05-19T08:46:57.751Z','2026-05-19T08:46:57.751Z') ON CONFLICT DO NOTHING;
INSERT INTO "employee_permits" ("permit_id","employee_id","permit_type","permit_number","issued_date","expires_at","status","file_path","notes","created_by","created_at","updated_at") VALUES (203,133,'Passport','LA0225070','2023-05-19T17:00:00.000Z','2029-05-17T17:00:00.000Z','Valid',NULL,'Auto-generated',NULL,'2026-05-19T08:46:57.751Z','2026-05-19T08:46:57.751Z') ON CONFLICT DO NOTHING;
INSERT INTO "employee_permits" ("permit_id","employee_id","permit_type","permit_number","issued_date","expires_at","status","file_path","notes","created_by","created_at","updated_at") VALUES (204,133,'Visa','V-2022-001714','2023-06-18T17:00:00.000Z','2028-05-17T17:00:00.000Z','Valid',NULL,'Auto-generated',NULL,'2026-05-19T08:46:57.751Z','2026-05-19T08:46:57.751Z') ON CONFLICT DO NOTHING;
-- (204 rows)

-- ===== BUILDINGS =====
INSERT INTO "buildings" ("building_id","building_name","building_type","total_floors","description") VALUES (1,'ຕືກທີ 1','Office',9,NULL) ON CONFLICT DO NOTHING;
INSERT INTO "buildings" ("building_id","building_name","building_type","total_floors","description") VALUES (2,'ຕືກທີ 2','Dormitory',9,NULL) ON CONFLICT DO NOTHING;
INSERT INTO "buildings" ("building_id","building_name","building_type","total_floors","description") VALUES (3,'ຕືກທີ 3','Dormitory',9,NULL) ON CONFLICT DO NOTHING;
INSERT INTO "buildings" ("building_id","building_name","building_type","total_floors","description") VALUES (4,'ຕືກທີ 4','Dormitory',6,NULL) ON CONFLICT DO NOTHING;
INSERT INTO "buildings" ("building_id","building_name","building_type","total_floors","description") VALUES (5,'ຕືກທີ 5','Dormitory',6,NULL) ON CONFLICT DO NOTHING;
INSERT INTO "buildings" ("building_id","building_name","building_type","total_floors","description") VALUES (6,'ຕືກທີ 6','Dormitory',6,NULL) ON CONFLICT DO NOTHING;
-- (6 rows)

-- ===== ROOMS =====
INSERT INTO "rooms" ("room_id","building_id","floor_number","room_number","status","note","updated_at","capacity") VALUES (1,2,2,'201','Occupied',NULL,'2026-05-14T04:53:06.441Z',4) ON CONFLICT DO NOTHING;
INSERT INTO "rooms" ("room_id","building_id","floor_number","room_number","status","note","updated_at","capacity") VALUES (2,2,2,'202','Occupied',NULL,'2026-05-14T05:11:28.408Z',4) ON CONFLICT DO NOTHING;
INSERT INTO "rooms" ("room_id","building_id","floor_number","room_number","status","note","updated_at","capacity") VALUES (3,2,2,'203','Occupied',NULL,'2026-05-15T03:55:47.767Z',4) ON CONFLICT DO NOTHING;
INSERT INTO "rooms" ("room_id","building_id","floor_number","room_number","status","note","updated_at","capacity") VALUES (4,2,2,'204','Occupied',NULL,'2026-05-15T03:55:58.152Z',4) ON CONFLICT DO NOTHING;
INSERT INTO "rooms" ("room_id","building_id","floor_number","room_number","status","note","updated_at","capacity") VALUES (5,2,2,'205','Occupied',NULL,'2026-05-18T04:04:04.304Z',4) ON CONFLICT DO NOTHING;
INSERT INTO "rooms" ("room_id","building_id","floor_number","room_number","status","note","updated_at","capacity") VALUES (6,2,2,'206','Available',NULL,'2026-05-14T04:25:33.744Z',4) ON CONFLICT DO NOTHING;
INSERT INTO "rooms" ("room_id","building_id","floor_number","room_number","status","note","updated_at","capacity") VALUES (7,2,2,'207','Available',NULL,'2026-05-14T04:25:33.745Z',4) ON CONFLICT DO NOTHING;
INSERT INTO "rooms" ("room_id","building_id","floor_number","room_number","status","note","updated_at","capacity") VALUES (8,2,2,'208','Available',NULL,'2026-05-14T04:25:33.746Z',4) ON CONFLICT DO NOTHING;
INSERT INTO "rooms" ("room_id","building_id","floor_number","room_number","status","note","updated_at","capacity") VALUES (9,2,2,'209','Available',NULL,'2026-05-14T04:25:33.746Z',4) ON CONFLICT DO NOTHING;
INSERT INTO "rooms" ("room_id","building_id","floor_number","room_number","status","note","updated_at","capacity") VALUES (10,2,2,'210','Available',NULL,'2026-05-14T04:25:33.746Z',4) ON CONFLICT DO NOTHING;
INSERT INTO "rooms" ("room_id","building_id","floor_number","room_number","status","note","updated_at","capacity") VALUES (11,2,2,'211','Available',NULL,'2026-05-14T04:25:33.747Z',4) ON CONFLICT DO NOTHING;
INSERT INTO "rooms" ("room_id","building_id","floor_number","room_number","status","note","updated_at","capacity") VALUES (12,2,2,'212','Available',NULL,'2026-05-14T04:25:33.747Z',4) ON CONFLICT DO NOTHING;
INSERT INTO "rooms" ("room_id","building_id","floor_number","room_number","status","note","updated_at","capacity") VALUES (13,2,2,'213','Available',NULL,'2026-05-14T04:25:33.747Z',4) ON CONFLICT DO NOTHING;
INSERT INTO "rooms" ("room_id","building_id","floor_number","room_number","status","note","updated_at","capacity") VALUES (14,2,2,'214','Available',NULL,'2026-05-14T04:25:33.748Z',4) ON CONFLICT DO NOTHING;
INSERT INTO "rooms" ("room_id","building_id","floor_number","room_number","status","note","updated_at","capacity") VALUES (15,2,2,'215','Occupied',NULL,'2026-05-14T05:05:07.011Z',4) ON CONFLICT DO NOTHING;
INSERT INTO "rooms" ("room_id","building_id","floor_number","room_number","status","note","updated_at","capacity") VALUES (16,2,2,'216','Occupied',NULL,'2026-05-14T04:30:45.065Z',4) ON CONFLICT DO NOTHING;
INSERT INTO "rooms" ("room_id","building_id","floor_number","room_number","status","note","updated_at","capacity") VALUES (17,2,2,'217','Occupied',NULL,'2026-05-14T04:30:49.419Z',4) ON CONFLICT DO NOTHING;
INSERT INTO "rooms" ("room_id","building_id","floor_number","room_number","status","note","updated_at","capacity") VALUES (18,2,2,'218','Available',NULL,'2026-05-14T04:25:33.749Z',4) ON CONFLICT DO NOTHING;
INSERT INTO "rooms" ("room_id","building_id","floor_number","room_number","status","note","updated_at","capacity") VALUES (19,2,2,'219','Available',NULL,'2026-05-14T04:25:33.749Z',4) ON CONFLICT DO NOTHING;
INSERT INTO "rooms" ("room_id","building_id","floor_number","room_number","status","note","updated_at","capacity") VALUES (20,2,2,'220','Available',NULL,'2026-05-14T05:04:48.944Z',4) ON CONFLICT DO NOTHING;
INSERT INTO "rooms" ("room_id","building_id","floor_number","room_number","status","note","updated_at","capacity") VALUES (21,2,2,'221','Available',NULL,'2026-05-14T04:25:33.750Z',4) ON CONFLICT DO NOTHING;
INSERT INTO "rooms" ("room_id","building_id","floor_number","room_number","status","note","updated_at","capacity") VALUES (22,2,3,'301','Occupied',NULL,'2026-05-14T04:28:52.493Z',4) ON CONFLICT DO NOTHING;
INSERT INTO "rooms" ("room_id","building_id","floor_number","room_number","status","note","updated_at","capacity") VALUES (23,2,3,'302','Available',NULL,'2026-05-14T04:25:33.751Z',4) ON CONFLICT DO NOTHING;
INSERT INTO "rooms" ("room_id","building_id","floor_number","room_number","status","note","updated_at","capacity") VALUES (24,2,3,'303','Available',NULL,'2026-05-14T04:25:33.751Z',4) ON CONFLICT DO NOTHING;
INSERT INTO "rooms" ("room_id","building_id","floor_number","room_number","status","note","updated_at","capacity") VALUES (25,2,3,'304','Available',NULL,'2026-05-14T04:25:33.751Z',4) ON CONFLICT DO NOTHING;
INSERT INTO "rooms" ("room_id","building_id","floor_number","room_number","status","note","updated_at","capacity") VALUES (26,2,3,'305','Available',NULL,'2026-05-14T04:25:33.752Z',4) ON CONFLICT DO NOTHING;
INSERT INTO "rooms" ("room_id","building_id","floor_number","room_number","status","note","updated_at","capacity") VALUES (27,2,3,'306','Available',NULL,'2026-05-14T04:25:33.755Z',4) ON CONFLICT DO NOTHING;
INSERT INTO "rooms" ("room_id","building_id","floor_number","room_number","status","note","updated_at","capacity") VALUES (28,2,3,'307','Available',NULL,'2026-05-14T04:25:33.756Z',4) ON CONFLICT DO NOTHING;
INSERT INTO "rooms" ("room_id","building_id","floor_number","room_number","status","note","updated_at","capacity") VALUES (29,2,3,'308','Available',NULL,'2026-05-14T04:25:33.756Z',4) ON CONFLICT DO NOTHING;
INSERT INTO "rooms" ("room_id","building_id","floor_number","room_number","status","note","updated_at","capacity") VALUES (30,2,3,'309','Available',NULL,'2026-05-14T04:25:33.757Z',4) ON CONFLICT DO NOTHING;
INSERT INTO "rooms" ("room_id","building_id","floor_number","room_number","status","note","updated_at","capacity") VALUES (31,2,3,'310','Available',NULL,'2026-05-14T04:25:33.757Z',4) ON CONFLICT DO NOTHING;
INSERT INTO "rooms" ("room_id","building_id","floor_number","room_number","status","note","updated_at","capacity") VALUES (32,2,3,'311','Available',NULL,'2026-05-14T04:25:33.757Z',4) ON CONFLICT DO NOTHING;
INSERT INTO "rooms" ("room_id","building_id","floor_number","room_number","status","note","updated_at","capacity") VALUES (33,2,3,'312','Available',NULL,'2026-05-14T04:25:33.757Z',4) ON CONFLICT DO NOTHING;
INSERT INTO "rooms" ("room_id","building_id","floor_number","room_number","status","note","updated_at","capacity") VALUES (34,2,3,'313','Available',NULL,'2026-05-14T04:25:33.758Z',4) ON CONFLICT DO NOTHING;
INSERT INTO "rooms" ("room_id","building_id","floor_number","room_number","status","note","updated_at","capacity") VALUES (35,2,3,'314','Available',NULL,'2026-05-14T04:25:33.758Z',4) ON CONFLICT DO NOTHING;
INSERT INTO "rooms" ("room_id","building_id","floor_number","room_number","status","note","updated_at","capacity") VALUES (36,2,3,'315','Available',NULL,'2026-05-14T04:25:33.758Z',4) ON CONFLICT DO NOTHING;
INSERT INTO "rooms" ("room_id","building_id","floor_number","room_number","status","note","updated_at","capacity") VALUES (37,2,3,'316','Available',NULL,'2026-05-14T04:25:33.758Z',4) ON CONFLICT DO NOTHING;
INSERT INTO "rooms" ("room_id","building_id","floor_number","room_number","status","note","updated_at","capacity") VALUES (38,2,3,'317','Available',NULL,'2026-05-14T04:25:33.758Z',4) ON CONFLICT DO NOTHING;
INSERT INTO "rooms" ("room_id","building_id","floor_number","room_number","status","note","updated_at","capacity") VALUES (39,2,3,'318','Available',NULL,'2026-05-14T04:25:33.759Z',4) ON CONFLICT DO NOTHING;
INSERT INTO "rooms" ("room_id","building_id","floor_number","room_number","status","note","updated_at","capacity") VALUES (40,2,3,'319','Available',NULL,'2026-05-14T04:25:33.759Z',4) ON CONFLICT DO NOTHING;
INSERT INTO "rooms" ("room_id","building_id","floor_number","room_number","status","note","updated_at","capacity") VALUES (41,2,3,'320','Available',NULL,'2026-05-14T04:25:33.759Z',4) ON CONFLICT DO NOTHING;
INSERT INTO "rooms" ("room_id","building_id","floor_number","room_number","status","note","updated_at","capacity") VALUES (42,2,3,'321','Available',NULL,'2026-05-14T04:25:33.760Z',4) ON CONFLICT DO NOTHING;
INSERT INTO "rooms" ("room_id","building_id","floor_number","room_number","status","note","updated_at","capacity") VALUES (43,2,4,'401','Available',NULL,'2026-05-14T04:25:33.760Z',4) ON CONFLICT DO NOTHING;
INSERT INTO "rooms" ("room_id","building_id","floor_number","room_number","status","note","updated_at","capacity") VALUES (44,2,4,'402','Available',NULL,'2026-05-14T04:25:33.760Z',4) ON CONFLICT DO NOTHING;
INSERT INTO "rooms" ("room_id","building_id","floor_number","room_number","status","note","updated_at","capacity") VALUES (45,2,4,'403','Available',NULL,'2026-05-14T04:25:33.760Z',4) ON CONFLICT DO NOTHING;
INSERT INTO "rooms" ("room_id","building_id","floor_number","room_number","status","note","updated_at","capacity") VALUES (46,2,4,'404','Available',NULL,'2026-05-14T04:25:33.761Z',4) ON CONFLICT DO NOTHING;
INSERT INTO "rooms" ("room_id","building_id","floor_number","room_number","status","note","updated_at","capacity") VALUES (47,2,4,'405','Available',NULL,'2026-05-14T04:25:33.761Z',4) ON CONFLICT DO NOTHING;
INSERT INTO "rooms" ("room_id","building_id","floor_number","room_number","status","note","updated_at","capacity") VALUES (48,2,4,'406','Available',NULL,'2026-05-14T04:25:33.761Z',4) ON CONFLICT DO NOTHING;
INSERT INTO "rooms" ("room_id","building_id","floor_number","room_number","status","note","updated_at","capacity") VALUES (49,2,4,'407','Available',NULL,'2026-05-14T04:25:33.761Z',4) ON CONFLICT DO NOTHING;
INSERT INTO "rooms" ("room_id","building_id","floor_number","room_number","status","note","updated_at","capacity") VALUES (50,2,4,'408','Available',NULL,'2026-05-14T04:25:33.762Z',4) ON CONFLICT DO NOTHING;
INSERT INTO "rooms" ("room_id","building_id","floor_number","room_number","status","note","updated_at","capacity") VALUES (51,2,4,'409','Available',NULL,'2026-05-14T04:25:33.762Z',4) ON CONFLICT DO NOTHING;
INSERT INTO "rooms" ("room_id","building_id","floor_number","room_number","status","note","updated_at","capacity") VALUES (52,2,4,'410','Available',NULL,'2026-05-14T04:25:33.762Z',4) ON CONFLICT DO NOTHING;
INSERT INTO "rooms" ("room_id","building_id","floor_number","room_number","status","note","updated_at","capacity") VALUES (53,2,4,'411','Available',NULL,'2026-05-14T04:25:33.762Z',4) ON CONFLICT DO NOTHING;
INSERT INTO "rooms" ("room_id","building_id","floor_number","room_number","status","note","updated_at","capacity") VALUES (54,2,4,'412','Available',NULL,'2026-05-14T04:25:33.762Z',4) ON CONFLICT DO NOTHING;
INSERT INTO "rooms" ("room_id","building_id","floor_number","room_number","status","note","updated_at","capacity") VALUES (55,2,4,'413','Available',NULL,'2026-05-14T04:25:33.763Z',4) ON CONFLICT DO NOTHING;
INSERT INTO "rooms" ("room_id","building_id","floor_number","room_number","status","note","updated_at","capacity") VALUES (56,2,4,'414','Available',NULL,'2026-05-14T04:25:33.763Z',4) ON CONFLICT DO NOTHING;
INSERT INTO "rooms" ("room_id","building_id","floor_number","room_number","status","note","updated_at","capacity") VALUES (57,2,4,'415','Available',NULL,'2026-05-14T04:25:33.763Z',4) ON CONFLICT DO NOTHING;
INSERT INTO "rooms" ("room_id","building_id","floor_number","room_number","status","note","updated_at","capacity") VALUES (58,2,4,'416','Available',NULL,'2026-05-14T04:25:33.763Z',4) ON CONFLICT DO NOTHING;
INSERT INTO "rooms" ("room_id","building_id","floor_number","room_number","status","note","updated_at","capacity") VALUES (59,2,4,'417','Available',NULL,'2026-05-14T04:25:33.764Z',4) ON CONFLICT DO NOTHING;
INSERT INTO "rooms" ("room_id","building_id","floor_number","room_number","status","note","updated_at","capacity") VALUES (60,2,4,'418','Available',NULL,'2026-05-14T04:25:33.764Z',4) ON CONFLICT DO NOTHING;
INSERT INTO "rooms" ("room_id","building_id","floor_number","room_number","status","note","updated_at","capacity") VALUES (61,2,4,'419','Available',NULL,'2026-05-14T04:25:33.764Z',4) ON CONFLICT DO NOTHING;
INSERT INTO "rooms" ("room_id","building_id","floor_number","room_number","status","note","updated_at","capacity") VALUES (62,2,4,'420','Available',NULL,'2026-05-14T04:25:33.764Z',4) ON CONFLICT DO NOTHING;
INSERT INTO "rooms" ("room_id","building_id","floor_number","room_number","status","note","updated_at","capacity") VALUES (63,2,4,'421','Available',NULL,'2026-05-14T04:25:33.765Z',4) ON CONFLICT DO NOTHING;
INSERT INTO "rooms" ("room_id","building_id","floor_number","room_number","status","note","updated_at","capacity") VALUES (64,2,5,'501','Available',NULL,'2026-05-14T04:25:33.765Z',4) ON CONFLICT DO NOTHING;
INSERT INTO "rooms" ("room_id","building_id","floor_number","room_number","status","note","updated_at","capacity") VALUES (65,2,5,'502','Available',NULL,'2026-05-14T04:25:33.765Z',4) ON CONFLICT DO NOTHING;
INSERT INTO "rooms" ("room_id","building_id","floor_number","room_number","status","note","updated_at","capacity") VALUES (66,2,5,'503','Available',NULL,'2026-05-14T04:25:33.765Z',4) ON CONFLICT DO NOTHING;
INSERT INTO "rooms" ("room_id","building_id","floor_number","room_number","status","note","updated_at","capacity") VALUES (67,2,5,'504','Available',NULL,'2026-05-14T04:25:33.765Z',4) ON CONFLICT DO NOTHING;
INSERT INTO "rooms" ("room_id","building_id","floor_number","room_number","status","note","updated_at","capacity") VALUES (68,2,5,'505','Available',NULL,'2026-05-14T04:25:33.766Z',4) ON CONFLICT DO NOTHING;
INSERT INTO "rooms" ("room_id","building_id","floor_number","room_number","status","note","updated_at","capacity") VALUES (69,2,5,'506','Available',NULL,'2026-05-14T04:25:33.766Z',4) ON CONFLICT DO NOTHING;
INSERT INTO "rooms" ("room_id","building_id","floor_number","room_number","status","note","updated_at","capacity") VALUES (70,2,5,'507','Available',NULL,'2026-05-14T04:25:33.766Z',4) ON CONFLICT DO NOTHING;
INSERT INTO "rooms" ("room_id","building_id","floor_number","room_number","status","note","updated_at","capacity") VALUES (71,2,5,'508','Available',NULL,'2026-05-14T04:25:33.766Z',4) ON CONFLICT DO NOTHING;
INSERT INTO "rooms" ("room_id","building_id","floor_number","room_number","status","note","updated_at","capacity") VALUES (72,2,5,'509','Available',NULL,'2026-05-14T04:25:33.767Z',4) ON CONFLICT DO NOTHING;
INSERT INTO "rooms" ("room_id","building_id","floor_number","room_number","status","note","updated_at","capacity") VALUES (73,2,5,'510','Available',NULL,'2026-05-14T04:25:33.767Z',4) ON CONFLICT DO NOTHING;
INSERT INTO "rooms" ("room_id","building_id","floor_number","room_number","status","note","updated_at","capacity") VALUES (74,2,5,'511','Available',NULL,'2026-05-14T04:25:33.767Z',4) ON CONFLICT DO NOTHING;
INSERT INTO "rooms" ("room_id","building_id","floor_number","room_number","status","note","updated_at","capacity") VALUES (75,2,5,'512','Available',NULL,'2026-05-14T04:25:33.768Z',4) ON CONFLICT DO NOTHING;
INSERT INTO "rooms" ("room_id","building_id","floor_number","room_number","status","note","updated_at","capacity") VALUES (76,2,5,'513','Available',NULL,'2026-05-14T04:25:33.768Z',4) ON CONFLICT DO NOTHING;
INSERT INTO "rooms" ("room_id","building_id","floor_number","room_number","status","note","updated_at","capacity") VALUES (77,2,5,'514','Available',NULL,'2026-05-14T04:25:33.768Z',4) ON CONFLICT DO NOTHING;
INSERT INTO "rooms" ("room_id","building_id","floor_number","room_number","status","note","updated_at","capacity") VALUES (78,2,5,'515','Available',NULL,'2026-05-14T04:25:33.768Z',4) ON CONFLICT DO NOTHING;
INSERT INTO "rooms" ("room_id","building_id","floor_number","room_number","status","note","updated_at","capacity") VALUES (79,2,5,'516','Available',NULL,'2026-05-14T04:25:33.769Z',4) ON CONFLICT DO NOTHING;
INSERT INTO "rooms" ("room_id","building_id","floor_number","room_number","status","note","updated_at","capacity") VALUES (80,2,5,'517','Available',NULL,'2026-05-14T04:25:33.769Z',4) ON CONFLICT DO NOTHING;
INSERT INTO "rooms" ("room_id","building_id","floor_number","room_number","status","note","updated_at","capacity") VALUES (81,2,5,'518','Available',NULL,'2026-05-14T04:25:33.769Z',4) ON CONFLICT DO NOTHING;
INSERT INTO "rooms" ("room_id","building_id","floor_number","room_number","status","note","updated_at","capacity") VALUES (82,2,5,'519','Available',NULL,'2026-05-14T04:25:33.769Z',4) ON CONFLICT DO NOTHING;
INSERT INTO "rooms" ("room_id","building_id","floor_number","room_number","status","note","updated_at","capacity") VALUES (83,2,5,'520','Available',NULL,'2026-05-14T04:25:33.769Z',4) ON CONFLICT DO NOTHING;
INSERT INTO "rooms" ("room_id","building_id","floor_number","room_number","status","note","updated_at","capacity") VALUES (84,2,5,'521','Available',NULL,'2026-05-14T04:25:33.770Z',4) ON CONFLICT DO NOTHING;
INSERT INTO "rooms" ("room_id","building_id","floor_number","room_number","status","note","updated_at","capacity") VALUES (85,2,6,'601','Available',NULL,'2026-05-14T04:25:33.770Z',4) ON CONFLICT DO NOTHING;
INSERT INTO "rooms" ("room_id","building_id","floor_number","room_number","status","note","updated_at","capacity") VALUES (86,2,6,'602','Available',NULL,'2026-05-14T04:25:33.770Z',4) ON CONFLICT DO NOTHING;
INSERT INTO "rooms" ("room_id","building_id","floor_number","room_number","status","note","updated_at","capacity") VALUES (87,2,6,'603','Available',NULL,'2026-05-14T04:25:33.771Z',4) ON CONFLICT DO NOTHING;
INSERT INTO "rooms" ("room_id","building_id","floor_number","room_number","status","note","updated_at","capacity") VALUES (88,2,6,'604','Available',NULL,'2026-05-14T04:25:33.771Z',4) ON CONFLICT DO NOTHING;
INSERT INTO "rooms" ("room_id","building_id","floor_number","room_number","status","note","updated_at","capacity") VALUES (89,2,6,'605','Available',NULL,'2026-05-14T04:25:33.771Z',4) ON CONFLICT DO NOTHING;
INSERT INTO "rooms" ("room_id","building_id","floor_number","room_number","status","note","updated_at","capacity") VALUES (90,2,6,'606','Available',NULL,'2026-05-14T04:25:33.771Z',4) ON CONFLICT DO NOTHING;
INSERT INTO "rooms" ("room_id","building_id","floor_number","room_number","status","note","updated_at","capacity") VALUES (91,2,6,'607','Available',NULL,'2026-05-14T04:25:33.772Z',4) ON CONFLICT DO NOTHING;
INSERT INTO "rooms" ("room_id","building_id","floor_number","room_number","status","note","updated_at","capacity") VALUES (92,2,6,'608','Available',NULL,'2026-05-14T04:25:33.772Z',4) ON CONFLICT DO NOTHING;
INSERT INTO "rooms" ("room_id","building_id","floor_number","room_number","status","note","updated_at","capacity") VALUES (93,2,6,'609','Available',NULL,'2026-05-14T04:25:33.772Z',4) ON CONFLICT DO NOTHING;
INSERT INTO "rooms" ("room_id","building_id","floor_number","room_number","status","note","updated_at","capacity") VALUES (94,2,6,'610','Available',NULL,'2026-05-14T04:25:33.773Z',4) ON CONFLICT DO NOTHING;
INSERT INTO "rooms" ("room_id","building_id","floor_number","room_number","status","note","updated_at","capacity") VALUES (95,2,6,'611','Available',NULL,'2026-05-14T04:25:33.773Z',4) ON CONFLICT DO NOTHING;
INSERT INTO "rooms" ("room_id","building_id","floor_number","room_number","status","note","updated_at","capacity") VALUES (96,2,6,'612','Available',NULL,'2026-05-14T04:25:33.773Z',4) ON CONFLICT DO NOTHING;
INSERT INTO "rooms" ("room_id","building_id","floor_number","room_number","status","note","updated_at","capacity") VALUES (97,2,6,'613','Available',NULL,'2026-05-14T04:25:33.774Z',4) ON CONFLICT DO NOTHING;
INSERT INTO "rooms" ("room_id","building_id","floor_number","room_number","status","note","updated_at","capacity") VALUES (98,2,6,'614','Available',NULL,'2026-05-14T04:25:33.774Z',4) ON CONFLICT DO NOTHING;
INSERT INTO "rooms" ("room_id","building_id","floor_number","room_number","status","note","updated_at","capacity") VALUES (99,2,6,'615','Available',NULL,'2026-05-14T04:25:33.774Z',4) ON CONFLICT DO NOTHING;
INSERT INTO "rooms" ("room_id","building_id","floor_number","room_number","status","note","updated_at","capacity") VALUES (100,2,6,'616','Available',NULL,'2026-05-14T04:25:33.774Z',4) ON CONFLICT DO NOTHING;
INSERT INTO "rooms" ("room_id","building_id","floor_number","room_number","status","note","updated_at","capacity") VALUES (101,2,6,'617','Available',NULL,'2026-05-14T04:25:33.775Z',4) ON CONFLICT DO NOTHING;
INSERT INTO "rooms" ("room_id","building_id","floor_number","room_number","status","note","updated_at","capacity") VALUES (102,2,6,'618','Available',NULL,'2026-05-14T04:25:33.775Z',4) ON CONFLICT DO NOTHING;
INSERT INTO "rooms" ("room_id","building_id","floor_number","room_number","status","note","updated_at","capacity") VALUES (103,2,6,'619','Available',NULL,'2026-05-14T04:25:33.775Z',4) ON CONFLICT DO NOTHING;
INSERT INTO "rooms" ("room_id","building_id","floor_number","room_number","status","note","updated_at","capacity") VALUES (104,2,6,'620','Available',NULL,'2026-05-14T04:25:33.775Z',4) ON CONFLICT DO NOTHING;
INSERT INTO "rooms" ("room_id","building_id","floor_number","room_number","status","note","updated_at","capacity") VALUES (105,2,6,'621','Available',NULL,'2026-05-14T04:25:33.776Z',4) ON CONFLICT DO NOTHING;
INSERT INTO "rooms" ("room_id","building_id","floor_number","room_number","status","note","updated_at","capacity") VALUES (106,2,7,'701','Available',NULL,'2026-05-14T04:25:33.776Z',4) ON CONFLICT DO NOTHING;
INSERT INTO "rooms" ("room_id","building_id","floor_number","room_number","status","note","updated_at","capacity") VALUES (107,2,7,'702','Available',NULL,'2026-05-14T04:25:33.776Z',4) ON CONFLICT DO NOTHING;
INSERT INTO "rooms" ("room_id","building_id","floor_number","room_number","status","note","updated_at","capacity") VALUES (108,2,7,'703','Available',NULL,'2026-05-14T04:25:33.776Z',4) ON CONFLICT DO NOTHING;
INSERT INTO "rooms" ("room_id","building_id","floor_number","room_number","status","note","updated_at","capacity") VALUES (109,2,7,'704','Available',NULL,'2026-05-14T04:25:33.777Z',4) ON CONFLICT DO NOTHING;
INSERT INTO "rooms" ("room_id","building_id","floor_number","room_number","status","note","updated_at","capacity") VALUES (110,2,7,'705','Available',NULL,'2026-05-14T04:25:33.777Z',4) ON CONFLICT DO NOTHING;
INSERT INTO "rooms" ("room_id","building_id","floor_number","room_number","status","note","updated_at","capacity") VALUES (111,2,7,'706','Available',NULL,'2026-05-14T04:25:33.777Z',4) ON CONFLICT DO NOTHING;
INSERT INTO "rooms" ("room_id","building_id","floor_number","room_number","status","note","updated_at","capacity") VALUES (112,2,7,'707','Available',NULL,'2026-05-14T04:25:33.777Z',4) ON CONFLICT DO NOTHING;
INSERT INTO "rooms" ("room_id","building_id","floor_number","room_number","status","note","updated_at","capacity") VALUES (113,2,7,'708','Available',NULL,'2026-05-14T04:25:33.777Z',4) ON CONFLICT DO NOTHING;
INSERT INTO "rooms" ("room_id","building_id","floor_number","room_number","status","note","updated_at","capacity") VALUES (114,2,7,'709','Available',NULL,'2026-05-14T04:25:33.778Z',4) ON CONFLICT DO NOTHING;
INSERT INTO "rooms" ("room_id","building_id","floor_number","room_number","status","note","updated_at","capacity") VALUES (115,2,7,'710','Available',NULL,'2026-05-14T04:25:33.778Z',4) ON CONFLICT DO NOTHING;
INSERT INTO "rooms" ("room_id","building_id","floor_number","room_number","status","note","updated_at","capacity") VALUES (116,2,7,'711','Available',NULL,'2026-05-14T04:25:33.778Z',4) ON CONFLICT DO NOTHING;
INSERT INTO "rooms" ("room_id","building_id","floor_number","room_number","status","note","updated_at","capacity") VALUES (117,2,7,'712','Available',NULL,'2026-05-14T04:25:33.778Z',4) ON CONFLICT DO NOTHING;
INSERT INTO "rooms" ("room_id","building_id","floor_number","room_number","status","note","updated_at","capacity") VALUES (118,2,7,'713','Available',NULL,'2026-05-14T04:25:33.778Z',4) ON CONFLICT DO NOTHING;
INSERT INTO "rooms" ("room_id","building_id","floor_number","room_number","status","note","updated_at","capacity") VALUES (119,2,7,'714','Available',NULL,'2026-05-14T04:25:33.778Z',4) ON CONFLICT DO NOTHING;
INSERT INTO "rooms" ("room_id","building_id","floor_number","room_number","status","note","updated_at","capacity") VALUES (120,2,7,'715','Available',NULL,'2026-05-14T04:25:33.779Z',4) ON CONFLICT DO NOTHING;
INSERT INTO "rooms" ("room_id","building_id","floor_number","room_number","status","note","updated_at","capacity") VALUES (121,2,7,'716','Available',NULL,'2026-05-14T04:25:33.779Z',4) ON CONFLICT DO NOTHING;
INSERT INTO "rooms" ("room_id","building_id","floor_number","room_number","status","note","updated_at","capacity") VALUES (122,2,7,'717','Available',NULL,'2026-05-14T04:25:33.779Z',4) ON CONFLICT DO NOTHING;
INSERT INTO "rooms" ("room_id","building_id","floor_number","room_number","status","note","updated_at","capacity") VALUES (123,2,7,'718','Available',NULL,'2026-05-14T04:25:33.779Z',4) ON CONFLICT DO NOTHING;
INSERT INTO "rooms" ("room_id","building_id","floor_number","room_number","status","note","updated_at","capacity") VALUES (124,2,7,'719','Available',NULL,'2026-05-14T04:25:33.780Z',4) ON CONFLICT DO NOTHING;
INSERT INTO "rooms" ("room_id","building_id","floor_number","room_number","status","note","updated_at","capacity") VALUES (125,2,7,'720','Available',NULL,'2026-05-14T04:25:33.780Z',4) ON CONFLICT DO NOTHING;
INSERT INTO "rooms" ("room_id","building_id","floor_number","room_number","status","note","updated_at","capacity") VALUES (126,2,7,'721','Available',NULL,'2026-05-14T04:25:33.780Z',4) ON CONFLICT DO NOTHING;
INSERT INTO "rooms" ("room_id","building_id","floor_number","room_number","status","note","updated_at","capacity") VALUES (127,2,8,'801','Available',NULL,'2026-05-14T04:25:33.780Z',4) ON CONFLICT DO NOTHING;
INSERT INTO "rooms" ("room_id","building_id","floor_number","room_number","status","note","updated_at","capacity") VALUES (128,2,8,'802','Available',NULL,'2026-05-14T04:25:33.781Z',4) ON CONFLICT DO NOTHING;
INSERT INTO "rooms" ("room_id","building_id","floor_number","room_number","status","note","updated_at","capacity") VALUES (129,2,8,'803','Available',NULL,'2026-05-14T04:25:33.781Z',4) ON CONFLICT DO NOTHING;
INSERT INTO "rooms" ("room_id","building_id","floor_number","room_number","status","note","updated_at","capacity") VALUES (130,2,8,'804','Available',NULL,'2026-05-14T04:25:33.781Z',4) ON CONFLICT DO NOTHING;
INSERT INTO "rooms" ("room_id","building_id","floor_number","room_number","status","note","updated_at","capacity") VALUES (131,2,8,'805','Available',NULL,'2026-05-14T04:25:33.781Z',4) ON CONFLICT DO NOTHING;
INSERT INTO "rooms" ("room_id","building_id","floor_number","room_number","status","note","updated_at","capacity") VALUES (132,2,8,'806','Available',NULL,'2026-05-14T04:25:33.781Z',4) ON CONFLICT DO NOTHING;
INSERT INTO "rooms" ("room_id","building_id","floor_number","room_number","status","note","updated_at","capacity") VALUES (133,2,8,'807','Available',NULL,'2026-05-14T04:25:33.782Z',4) ON CONFLICT DO NOTHING;
INSERT INTO "rooms" ("room_id","building_id","floor_number","room_number","status","note","updated_at","capacity") VALUES (134,2,8,'808','Available',NULL,'2026-05-14T04:25:33.782Z',4) ON CONFLICT DO NOTHING;
INSERT INTO "rooms" ("room_id","building_id","floor_number","room_number","status","note","updated_at","capacity") VALUES (135,2,8,'809','Available',NULL,'2026-05-14T04:25:33.782Z',4) ON CONFLICT DO NOTHING;
INSERT INTO "rooms" ("room_id","building_id","floor_number","room_number","status","note","updated_at","capacity") VALUES (136,2,8,'810','Available',NULL,'2026-05-14T04:25:33.782Z',4) ON CONFLICT DO NOTHING;
INSERT INTO "rooms" ("room_id","building_id","floor_number","room_number","status","note","updated_at","capacity") VALUES (137,2,8,'811','Available',NULL,'2026-05-14T04:25:33.782Z',4) ON CONFLICT DO NOTHING;
INSERT INTO "rooms" ("room_id","building_id","floor_number","room_number","status","note","updated_at","capacity") VALUES (138,2,8,'812','Available',NULL,'2026-05-14T04:25:33.782Z',4) ON CONFLICT DO NOTHING;
INSERT INTO "rooms" ("room_id","building_id","floor_number","room_number","status","note","updated_at","capacity") VALUES (139,2,8,'813','Available',NULL,'2026-05-14T04:25:33.783Z',4) ON CONFLICT DO NOTHING;
INSERT INTO "rooms" ("room_id","building_id","floor_number","room_number","status","note","updated_at","capacity") VALUES (140,2,8,'814','Available',NULL,'2026-05-14T04:25:33.783Z',4) ON CONFLICT DO NOTHING;
INSERT INTO "rooms" ("room_id","building_id","floor_number","room_number","status","note","updated_at","capacity") VALUES (141,2,8,'815','Available',NULL,'2026-05-14T04:25:33.783Z',4) ON CONFLICT DO NOTHING;
INSERT INTO "rooms" ("room_id","building_id","floor_number","room_number","status","note","updated_at","capacity") VALUES (142,2,8,'816','Available',NULL,'2026-05-14T04:25:33.783Z',4) ON CONFLICT DO NOTHING;
INSERT INTO "rooms" ("room_id","building_id","floor_number","room_number","status","note","updated_at","capacity") VALUES (143,2,8,'817','Available',NULL,'2026-05-14T04:25:33.783Z',4) ON CONFLICT DO NOTHING;
INSERT INTO "rooms" ("room_id","building_id","floor_number","room_number","status","note","updated_at","capacity") VALUES (144,2,8,'818','Available',NULL,'2026-05-14T04:25:33.784Z',4) ON CONFLICT DO NOTHING;
INSERT INTO "rooms" ("room_id","building_id","floor_number","room_number","status","note","updated_at","capacity") VALUES (145,2,8,'819','Available',NULL,'2026-05-14T04:25:33.784Z',4) ON CONFLICT DO NOTHING;
INSERT INTO "rooms" ("room_id","building_id","floor_number","room_number","status","note","updated_at","capacity") VALUES (146,2,8,'820','Available',NULL,'2026-05-14T04:25:33.784Z',4) ON CONFLICT DO NOTHING;
INSERT INTO "rooms" ("room_id","building_id","floor_number","room_number","status","note","updated_at","capacity") VALUES (147,2,8,'821','Available',NULL,'2026-05-14T04:25:33.784Z',4) ON CONFLICT DO NOTHING;
INSERT INTO "rooms" ("room_id","building_id","floor_number","room_number","status","note","updated_at","capacity") VALUES (148,2,9,'901','Available',NULL,'2026-05-14T04:25:33.784Z',4) ON CONFLICT DO NOTHING;
INSERT INTO "rooms" ("room_id","building_id","floor_number","room_number","status","note","updated_at","capacity") VALUES (149,2,9,'902','Available',NULL,'2026-05-14T04:25:33.784Z',4) ON CONFLICT DO NOTHING;
INSERT INTO "rooms" ("room_id","building_id","floor_number","room_number","status","note","updated_at","capacity") VALUES (150,2,9,'903','Available',NULL,'2026-05-14T04:25:33.785Z',4) ON CONFLICT DO NOTHING;
INSERT INTO "rooms" ("room_id","building_id","floor_number","room_number","status","note","updated_at","capacity") VALUES (151,2,9,'904','Available',NULL,'2026-05-14T04:25:33.785Z',4) ON CONFLICT DO NOTHING;
INSERT INTO "rooms" ("room_id","building_id","floor_number","room_number","status","note","updated_at","capacity") VALUES (152,2,9,'905','Available',NULL,'2026-05-14T04:25:33.785Z',4) ON CONFLICT DO NOTHING;
INSERT INTO "rooms" ("room_id","building_id","floor_number","room_number","status","note","updated_at","capacity") VALUES (153,2,9,'906','Available',NULL,'2026-05-14T04:25:33.785Z',4) ON CONFLICT DO NOTHING;
INSERT INTO "rooms" ("room_id","building_id","floor_number","room_number","status","note","updated_at","capacity") VALUES (154,2,9,'907','Available',NULL,'2026-05-14T04:25:33.785Z',4) ON CONFLICT DO NOTHING;
INSERT INTO "rooms" ("room_id","building_id","floor_number","room_number","status","note","updated_at","capacity") VALUES (155,2,9,'908','Available',NULL,'2026-05-14T04:25:33.786Z',4) ON CONFLICT DO NOTHING;
INSERT INTO "rooms" ("room_id","building_id","floor_number","room_number","status","note","updated_at","capacity") VALUES (156,2,9,'909','Available',NULL,'2026-05-14T04:25:33.786Z',4) ON CONFLICT DO NOTHING;
INSERT INTO "rooms" ("room_id","building_id","floor_number","room_number","status","note","updated_at","capacity") VALUES (157,2,9,'910','Available',NULL,'2026-05-14T04:25:33.786Z',4) ON CONFLICT DO NOTHING;
INSERT INTO "rooms" ("room_id","building_id","floor_number","room_number","status","note","updated_at","capacity") VALUES (158,2,9,'911','Available',NULL,'2026-05-14T04:25:33.786Z',4) ON CONFLICT DO NOTHING;
INSERT INTO "rooms" ("room_id","building_id","floor_number","room_number","status","note","updated_at","capacity") VALUES (159,2,9,'912','Available',NULL,'2026-05-14T04:25:33.786Z',4) ON CONFLICT DO NOTHING;
INSERT INTO "rooms" ("room_id","building_id","floor_number","room_number","status","note","updated_at","capacity") VALUES (160,2,9,'913','Available',NULL,'2026-05-14T04:25:33.786Z',4) ON CONFLICT DO NOTHING;
INSERT INTO "rooms" ("room_id","building_id","floor_number","room_number","status","note","updated_at","capacity") VALUES (161,2,9,'914','Available',NULL,'2026-05-14T04:25:33.787Z',4) ON CONFLICT DO NOTHING;
INSERT INTO "rooms" ("room_id","building_id","floor_number","room_number","status","note","updated_at","capacity") VALUES (162,2,9,'915','Available',NULL,'2026-05-14T04:25:33.787Z',4) ON CONFLICT DO NOTHING;
INSERT INTO "rooms" ("room_id","building_id","floor_number","room_number","status","note","updated_at","capacity") VALUES (163,2,9,'916','Available',NULL,'2026-05-14T04:25:33.787Z',4) ON CONFLICT DO NOTHING;
INSERT INTO "rooms" ("room_id","building_id","floor_number","room_number","status","note","updated_at","capacity") VALUES (164,2,9,'917','Available',NULL,'2026-05-14T04:25:33.787Z',4) ON CONFLICT DO NOTHING;
INSERT INTO "rooms" ("room_id","building_id","floor_number","room_number","status","note","updated_at","capacity") VALUES (165,2,9,'918','Available',NULL,'2026-05-14T04:25:33.787Z',4) ON CONFLICT DO NOTHING;
INSERT INTO "rooms" ("room_id","building_id","floor_number","room_number","status","note","updated_at","capacity") VALUES (166,2,9,'919','Available',NULL,'2026-05-14T04:25:33.788Z',4) ON CONFLICT DO NOTHING;
INSERT INTO "rooms" ("room_id","building_id","floor_number","room_number","status","note","updated_at","capacity") VALUES (167,2,9,'920','Available',NULL,'2026-05-14T04:25:33.788Z',4) ON CONFLICT DO NOTHING;
INSERT INTO "rooms" ("room_id","building_id","floor_number","room_number","status","note","updated_at","capacity") VALUES (168,2,9,'921','Available',NULL,'2026-05-14T04:25:33.788Z',4) ON CONFLICT DO NOTHING;
INSERT INTO "rooms" ("room_id","building_id","floor_number","room_number","status","note","updated_at","capacity") VALUES (169,3,2,'201','Available',NULL,'2026-05-14T04:25:33.789Z',4) ON CONFLICT DO NOTHING;
INSERT INTO "rooms" ("room_id","building_id","floor_number","room_number","status","note","updated_at","capacity") VALUES (170,3,2,'202','Available',NULL,'2026-05-14T04:25:33.789Z',4) ON CONFLICT DO NOTHING;
INSERT INTO "rooms" ("room_id","building_id","floor_number","room_number","status","note","updated_at","capacity") VALUES (171,3,2,'203','Available',NULL,'2026-05-14T04:25:33.789Z',4) ON CONFLICT DO NOTHING;
INSERT INTO "rooms" ("room_id","building_id","floor_number","room_number","status","note","updated_at","capacity") VALUES (172,3,2,'204','Available',NULL,'2026-05-14T04:25:33.789Z',4) ON CONFLICT DO NOTHING;
INSERT INTO "rooms" ("room_id","building_id","floor_number","room_number","status","note","updated_at","capacity") VALUES (173,3,2,'205','Available',NULL,'2026-05-14T04:25:33.789Z',4) ON CONFLICT DO NOTHING;
INSERT INTO "rooms" ("room_id","building_id","floor_number","room_number","status","note","updated_at","capacity") VALUES (174,3,2,'206','Available',NULL,'2026-05-14T04:25:33.789Z',4) ON CONFLICT DO NOTHING;
INSERT INTO "rooms" ("room_id","building_id","floor_number","room_number","status","note","updated_at","capacity") VALUES (175,3,2,'207','Available',NULL,'2026-05-14T04:25:33.790Z',4) ON CONFLICT DO NOTHING;
INSERT INTO "rooms" ("room_id","building_id","floor_number","room_number","status","note","updated_at","capacity") VALUES (176,3,2,'208','Available',NULL,'2026-05-14T04:25:33.790Z',4) ON CONFLICT DO NOTHING;
INSERT INTO "rooms" ("room_id","building_id","floor_number","room_number","status","note","updated_at","capacity") VALUES (177,3,2,'209','Available',NULL,'2026-05-14T04:25:33.790Z',4) ON CONFLICT DO NOTHING;
INSERT INTO "rooms" ("room_id","building_id","floor_number","room_number","status","note","updated_at","capacity") VALUES (178,3,2,'210','Available',NULL,'2026-05-14T04:25:33.790Z',4) ON CONFLICT DO NOTHING;
INSERT INTO "rooms" ("room_id","building_id","floor_number","room_number","status","note","updated_at","capacity") VALUES (179,3,2,'211','Available',NULL,'2026-05-14T04:25:33.790Z',4) ON CONFLICT DO NOTHING;
INSERT INTO "rooms" ("room_id","building_id","floor_number","room_number","status","note","updated_at","capacity") VALUES (180,3,2,'212','Available',NULL,'2026-05-14T04:25:33.791Z',4) ON CONFLICT DO NOTHING;
INSERT INTO "rooms" ("room_id","building_id","floor_number","room_number","status","note","updated_at","capacity") VALUES (181,3,2,'213','Available',NULL,'2026-05-14T04:25:33.791Z',4) ON CONFLICT DO NOTHING;
INSERT INTO "rooms" ("room_id","building_id","floor_number","room_number","status","note","updated_at","capacity") VALUES (182,3,2,'214','Available',NULL,'2026-05-14T04:25:33.791Z',4) ON CONFLICT DO NOTHING;
INSERT INTO "rooms" ("room_id","building_id","floor_number","room_number","status","note","updated_at","capacity") VALUES (183,3,2,'215','Available',NULL,'2026-05-14T04:25:33.791Z',4) ON CONFLICT DO NOTHING;
INSERT INTO "rooms" ("room_id","building_id","floor_number","room_number","status","note","updated_at","capacity") VALUES (184,3,2,'216','Available',NULL,'2026-05-14T04:25:33.791Z',4) ON CONFLICT DO NOTHING;
INSERT INTO "rooms" ("room_id","building_id","floor_number","room_number","status","note","updated_at","capacity") VALUES (185,3,2,'217','Available',NULL,'2026-05-14T04:25:33.791Z',4) ON CONFLICT DO NOTHING;
INSERT INTO "rooms" ("room_id","building_id","floor_number","room_number","status","note","updated_at","capacity") VALUES (186,3,2,'218','Available',NULL,'2026-05-14T04:25:33.792Z',4) ON CONFLICT DO NOTHING;
INSERT INTO "rooms" ("room_id","building_id","floor_number","room_number","status","note","updated_at","capacity") VALUES (187,3,2,'219','Available',NULL,'2026-05-14T04:25:33.792Z',4) ON CONFLICT DO NOTHING;
INSERT INTO "rooms" ("room_id","building_id","floor_number","room_number","status","note","updated_at","capacity") VALUES (188,3,2,'220','Available',NULL,'2026-05-14T04:25:33.792Z',4) ON CONFLICT DO NOTHING;
INSERT INTO "rooms" ("room_id","building_id","floor_number","room_number","status","note","updated_at","capacity") VALUES (189,3,2,'221','Available',NULL,'2026-05-14T04:25:33.792Z',4) ON CONFLICT DO NOTHING;
INSERT INTO "rooms" ("room_id","building_id","floor_number","room_number","status","note","updated_at","capacity") VALUES (190,3,3,'301','Available',NULL,'2026-05-14T04:25:33.792Z',4) ON CONFLICT DO NOTHING;
INSERT INTO "rooms" ("room_id","building_id","floor_number","room_number","status","note","updated_at","capacity") VALUES (191,3,3,'302','Available',NULL,'2026-05-14T04:25:33.793Z',4) ON CONFLICT DO NOTHING;
INSERT INTO "rooms" ("room_id","building_id","floor_number","room_number","status","note","updated_at","capacity") VALUES (192,3,3,'303','Available',NULL,'2026-05-14T04:25:33.793Z',4) ON CONFLICT DO NOTHING;
INSERT INTO "rooms" ("room_id","building_id","floor_number","room_number","status","note","updated_at","capacity") VALUES (193,3,3,'304','Available',NULL,'2026-05-14T04:25:33.793Z',4) ON CONFLICT DO NOTHING;
INSERT INTO "rooms" ("room_id","building_id","floor_number","room_number","status","note","updated_at","capacity") VALUES (194,3,3,'305','Available',NULL,'2026-05-14T04:25:33.793Z',4) ON CONFLICT DO NOTHING;
INSERT INTO "rooms" ("room_id","building_id","floor_number","room_number","status","note","updated_at","capacity") VALUES (195,3,3,'306','Available',NULL,'2026-05-14T04:25:33.793Z',4) ON CONFLICT DO NOTHING;
INSERT INTO "rooms" ("room_id","building_id","floor_number","room_number","status","note","updated_at","capacity") VALUES (196,3,3,'307','Available',NULL,'2026-05-14T04:25:33.793Z',4) ON CONFLICT DO NOTHING;
INSERT INTO "rooms" ("room_id","building_id","floor_number","room_number","status","note","updated_at","capacity") VALUES (197,3,3,'308','Available',NULL,'2026-05-14T04:25:33.794Z',4) ON CONFLICT DO NOTHING;
INSERT INTO "rooms" ("room_id","building_id","floor_number","room_number","status","note","updated_at","capacity") VALUES (198,3,3,'309','Available',NULL,'2026-05-14T04:25:33.794Z',4) ON CONFLICT DO NOTHING;
INSERT INTO "rooms" ("room_id","building_id","floor_number","room_number","status","note","updated_at","capacity") VALUES (199,3,3,'310','Available',NULL,'2026-05-14T04:25:33.794Z',4) ON CONFLICT DO NOTHING;
INSERT INTO "rooms" ("room_id","building_id","floor_number","room_number","status","note","updated_at","capacity") VALUES (200,3,3,'311','Available',NULL,'2026-05-14T04:25:33.794Z',4) ON CONFLICT DO NOTHING;
INSERT INTO "rooms" ("room_id","building_id","floor_number","room_number","status","note","updated_at","capacity") VALUES (201,3,3,'312','Available',NULL,'2026-05-14T04:25:33.794Z',4) ON CONFLICT DO NOTHING;
INSERT INTO "rooms" ("room_id","building_id","floor_number","room_number","status","note","updated_at","capacity") VALUES (202,3,3,'313','Available',NULL,'2026-05-14T04:25:33.794Z',4) ON CONFLICT DO NOTHING;
INSERT INTO "rooms" ("room_id","building_id","floor_number","room_number","status","note","updated_at","capacity") VALUES (203,3,3,'314','Available',NULL,'2026-05-14T04:25:33.795Z',4) ON CONFLICT DO NOTHING;
INSERT INTO "rooms" ("room_id","building_id","floor_number","room_number","status","note","updated_at","capacity") VALUES (204,3,3,'315','Available',NULL,'2026-05-14T04:25:33.795Z',4) ON CONFLICT DO NOTHING;
INSERT INTO "rooms" ("room_id","building_id","floor_number","room_number","status","note","updated_at","capacity") VALUES (205,3,3,'316','Available',NULL,'2026-05-14T04:25:33.795Z',4) ON CONFLICT DO NOTHING;
INSERT INTO "rooms" ("room_id","building_id","floor_number","room_number","status","note","updated_at","capacity") VALUES (206,3,3,'317','Available',NULL,'2026-05-14T04:25:33.795Z',4) ON CONFLICT DO NOTHING;
INSERT INTO "rooms" ("room_id","building_id","floor_number","room_number","status","note","updated_at","capacity") VALUES (207,3,3,'318','Available',NULL,'2026-05-14T04:25:33.795Z',4) ON CONFLICT DO NOTHING;
INSERT INTO "rooms" ("room_id","building_id","floor_number","room_number","status","note","updated_at","capacity") VALUES (208,3,3,'319','Available',NULL,'2026-05-14T04:25:33.796Z',4) ON CONFLICT DO NOTHING;
INSERT INTO "rooms" ("room_id","building_id","floor_number","room_number","status","note","updated_at","capacity") VALUES (209,3,3,'320','Available',NULL,'2026-05-14T04:25:33.796Z',4) ON CONFLICT DO NOTHING;
INSERT INTO "rooms" ("room_id","building_id","floor_number","room_number","status","note","updated_at","capacity") VALUES (210,3,3,'321','Available',NULL,'2026-05-14T04:25:33.796Z',4) ON CONFLICT DO NOTHING;
INSERT INTO "rooms" ("room_id","building_id","floor_number","room_number","status","note","updated_at","capacity") VALUES (211,3,4,'401','Available',NULL,'2026-05-14T04:25:33.796Z',4) ON CONFLICT DO NOTHING;
INSERT INTO "rooms" ("room_id","building_id","floor_number","room_number","status","note","updated_at","capacity") VALUES (212,3,4,'402','Available',NULL,'2026-05-14T04:25:33.796Z',4) ON CONFLICT DO NOTHING;
INSERT INTO "rooms" ("room_id","building_id","floor_number","room_number","status","note","updated_at","capacity") VALUES (213,3,4,'403','Available',NULL,'2026-05-14T04:25:33.797Z',4) ON CONFLICT DO NOTHING;
INSERT INTO "rooms" ("room_id","building_id","floor_number","room_number","status","note","updated_at","capacity") VALUES (214,3,4,'404','Available',NULL,'2026-05-14T04:25:33.797Z',4) ON CONFLICT DO NOTHING;
INSERT INTO "rooms" ("room_id","building_id","floor_number","room_number","status","note","updated_at","capacity") VALUES (215,3,4,'405','Available',NULL,'2026-05-14T04:25:33.797Z',4) ON CONFLICT DO NOTHING;
INSERT INTO "rooms" ("room_id","building_id","floor_number","room_number","status","note","updated_at","capacity") VALUES (216,3,4,'406','Available',NULL,'2026-05-14T04:25:33.797Z',4) ON CONFLICT DO NOTHING;
INSERT INTO "rooms" ("room_id","building_id","floor_number","room_number","status","note","updated_at","capacity") VALUES (217,3,4,'407','Available',NULL,'2026-05-14T04:25:33.797Z',4) ON CONFLICT DO NOTHING;
INSERT INTO "rooms" ("room_id","building_id","floor_number","room_number","status","note","updated_at","capacity") VALUES (218,3,4,'408','Available',NULL,'2026-05-14T04:25:33.797Z',4) ON CONFLICT DO NOTHING;
INSERT INTO "rooms" ("room_id","building_id","floor_number","room_number","status","note","updated_at","capacity") VALUES (219,3,4,'409','Available',NULL,'2026-05-14T04:25:33.798Z',4) ON CONFLICT DO NOTHING;
INSERT INTO "rooms" ("room_id","building_id","floor_number","room_number","status","note","updated_at","capacity") VALUES (220,3,4,'410','Available',NULL,'2026-05-14T04:25:33.798Z',4) ON CONFLICT DO NOTHING;
INSERT INTO "rooms" ("room_id","building_id","floor_number","room_number","status","note","updated_at","capacity") VALUES (221,3,4,'411','Available',NULL,'2026-05-14T04:25:33.798Z',4) ON CONFLICT DO NOTHING;
INSERT INTO "rooms" ("room_id","building_id","floor_number","room_number","status","note","updated_at","capacity") VALUES (222,3,4,'412','Available',NULL,'2026-05-14T04:25:33.798Z',4) ON CONFLICT DO NOTHING;
INSERT INTO "rooms" ("room_id","building_id","floor_number","room_number","status","note","updated_at","capacity") VALUES (223,3,4,'413','Available',NULL,'2026-05-14T04:25:33.798Z',4) ON CONFLICT DO NOTHING;
INSERT INTO "rooms" ("room_id","building_id","floor_number","room_number","status","note","updated_at","capacity") VALUES (224,3,4,'414','Available',NULL,'2026-05-14T04:25:33.799Z',4) ON CONFLICT DO NOTHING;
INSERT INTO "rooms" ("room_id","building_id","floor_number","room_number","status","note","updated_at","capacity") VALUES (225,3,4,'415','Available',NULL,'2026-05-14T04:25:33.799Z',4) ON CONFLICT DO NOTHING;
INSERT INTO "rooms" ("room_id","building_id","floor_number","room_number","status","note","updated_at","capacity") VALUES (226,3,4,'416','Available',NULL,'2026-05-14T04:25:33.799Z',4) ON CONFLICT DO NOTHING;
INSERT INTO "rooms" ("room_id","building_id","floor_number","room_number","status","note","updated_at","capacity") VALUES (227,3,4,'417','Available',NULL,'2026-05-14T04:25:33.799Z',4) ON CONFLICT DO NOTHING;
INSERT INTO "rooms" ("room_id","building_id","floor_number","room_number","status","note","updated_at","capacity") VALUES (228,3,4,'418','Available',NULL,'2026-05-14T04:25:33.799Z',4) ON CONFLICT DO NOTHING;
INSERT INTO "rooms" ("room_id","building_id","floor_number","room_number","status","note","updated_at","capacity") VALUES (229,3,4,'419','Available',NULL,'2026-05-14T04:25:33.800Z',4) ON CONFLICT DO NOTHING;
INSERT INTO "rooms" ("room_id","building_id","floor_number","room_number","status","note","updated_at","capacity") VALUES (230,3,4,'420','Available',NULL,'2026-05-14T04:25:33.800Z',4) ON CONFLICT DO NOTHING;
INSERT INTO "rooms" ("room_id","building_id","floor_number","room_number","status","note","updated_at","capacity") VALUES (231,3,4,'421','Available',NULL,'2026-05-14T04:25:33.800Z',4) ON CONFLICT DO NOTHING;
INSERT INTO "rooms" ("room_id","building_id","floor_number","room_number","status","note","updated_at","capacity") VALUES (232,3,5,'501','Available',NULL,'2026-05-14T04:25:33.800Z',4) ON CONFLICT DO NOTHING;
INSERT INTO "rooms" ("room_id","building_id","floor_number","room_number","status","note","updated_at","capacity") VALUES (233,3,5,'502','Occupied',NULL,'2026-05-15T03:55:47.766Z',4) ON CONFLICT DO NOTHING;
INSERT INTO "rooms" ("room_id","building_id","floor_number","room_number","status","note","updated_at","capacity") VALUES (234,3,5,'503','Available',NULL,'2026-05-14T04:25:33.800Z',4) ON CONFLICT DO NOTHING;
INSERT INTO "rooms" ("room_id","building_id","floor_number","room_number","status","note","updated_at","capacity") VALUES (235,3,5,'504','Available',NULL,'2026-05-14T04:25:33.801Z',4) ON CONFLICT DO NOTHING;
INSERT INTO "rooms" ("room_id","building_id","floor_number","room_number","status","note","updated_at","capacity") VALUES (236,3,5,'505','Available',NULL,'2026-05-14T04:25:33.801Z',4) ON CONFLICT DO NOTHING;
INSERT INTO "rooms" ("room_id","building_id","floor_number","room_number","status","note","updated_at","capacity") VALUES (237,3,5,'506','Available',NULL,'2026-05-14T04:25:33.801Z',4) ON CONFLICT DO NOTHING;
INSERT INTO "rooms" ("room_id","building_id","floor_number","room_number","status","note","updated_at","capacity") VALUES (238,3,5,'507','Available',NULL,'2026-05-14T04:25:33.801Z',4) ON CONFLICT DO NOTHING;
INSERT INTO "rooms" ("room_id","building_id","floor_number","room_number","status","note","updated_at","capacity") VALUES (239,3,5,'508','Available',NULL,'2026-05-14T04:25:33.801Z',4) ON CONFLICT DO NOTHING;
INSERT INTO "rooms" ("room_id","building_id","floor_number","room_number","status","note","updated_at","capacity") VALUES (240,3,5,'509','Available',NULL,'2026-05-14T04:25:33.801Z',4) ON CONFLICT DO NOTHING;
INSERT INTO "rooms" ("room_id","building_id","floor_number","room_number","status","note","updated_at","capacity") VALUES (241,3,5,'510','Available',NULL,'2026-05-14T04:25:33.802Z',4) ON CONFLICT DO NOTHING;
INSERT INTO "rooms" ("room_id","building_id","floor_number","room_number","status","note","updated_at","capacity") VALUES (242,3,5,'511','Available',NULL,'2026-05-14T04:25:33.802Z',4) ON CONFLICT DO NOTHING;
INSERT INTO "rooms" ("room_id","building_id","floor_number","room_number","status","note","updated_at","capacity") VALUES (243,3,5,'512','Available',NULL,'2026-05-14T04:25:33.802Z',4) ON CONFLICT DO NOTHING;
INSERT INTO "rooms" ("room_id","building_id","floor_number","room_number","status","note","updated_at","capacity") VALUES (244,3,5,'513','Available',NULL,'2026-05-14T04:25:33.802Z',4) ON CONFLICT DO NOTHING;
INSERT INTO "rooms" ("room_id","building_id","floor_number","room_number","status","note","updated_at","capacity") VALUES (245,3,5,'514','Available',NULL,'2026-05-14T04:25:33.802Z',4) ON CONFLICT DO NOTHING;
INSERT INTO "rooms" ("room_id","building_id","floor_number","room_number","status","note","updated_at","capacity") VALUES (246,3,5,'515','Available',NULL,'2026-05-14T04:25:33.802Z',4) ON CONFLICT DO NOTHING;
INSERT INTO "rooms" ("room_id","building_id","floor_number","room_number","status","note","updated_at","capacity") VALUES (247,3,5,'516','Available',NULL,'2026-05-14T04:25:33.803Z',4) ON CONFLICT DO NOTHING;
INSERT INTO "rooms" ("room_id","building_id","floor_number","room_number","status","note","updated_at","capacity") VALUES (248,3,5,'517','Available',NULL,'2026-05-14T04:25:33.803Z',4) ON CONFLICT DO NOTHING;
INSERT INTO "rooms" ("room_id","building_id","floor_number","room_number","status","note","updated_at","capacity") VALUES (249,3,5,'518','Available',NULL,'2026-05-14T04:25:33.803Z',4) ON CONFLICT DO NOTHING;
INSERT INTO "rooms" ("room_id","building_id","floor_number","room_number","status","note","updated_at","capacity") VALUES (250,3,5,'519','Available',NULL,'2026-05-14T04:25:33.803Z',4) ON CONFLICT DO NOTHING;
INSERT INTO "rooms" ("room_id","building_id","floor_number","room_number","status","note","updated_at","capacity") VALUES (251,3,5,'520','Available',NULL,'2026-05-14T04:25:33.803Z',4) ON CONFLICT DO NOTHING;
INSERT INTO "rooms" ("room_id","building_id","floor_number","room_number","status","note","updated_at","capacity") VALUES (252,3,5,'521','Available',NULL,'2026-05-14T04:25:33.803Z',4) ON CONFLICT DO NOTHING;
INSERT INTO "rooms" ("room_id","building_id","floor_number","room_number","status","note","updated_at","capacity") VALUES (253,3,6,'601','Available',NULL,'2026-05-14T04:25:33.804Z',4) ON CONFLICT DO NOTHING;
INSERT INTO "rooms" ("room_id","building_id","floor_number","room_number","status","note","updated_at","capacity") VALUES (254,3,6,'602','Available',NULL,'2026-05-14T04:25:33.804Z',4) ON CONFLICT DO NOTHING;
INSERT INTO "rooms" ("room_id","building_id","floor_number","room_number","status","note","updated_at","capacity") VALUES (255,3,6,'603','Available',NULL,'2026-05-14T04:25:33.804Z',4) ON CONFLICT DO NOTHING;
INSERT INTO "rooms" ("room_id","building_id","floor_number","room_number","status","note","updated_at","capacity") VALUES (256,3,6,'604','Available',NULL,'2026-05-14T04:25:33.804Z',4) ON CONFLICT DO NOTHING;
INSERT INTO "rooms" ("room_id","building_id","floor_number","room_number","status","note","updated_at","capacity") VALUES (257,3,6,'605','Available',NULL,'2026-05-14T04:25:33.804Z',4) ON CONFLICT DO NOTHING;
INSERT INTO "rooms" ("room_id","building_id","floor_number","room_number","status","note","updated_at","capacity") VALUES (258,3,6,'606','Available',NULL,'2026-05-14T04:25:33.805Z',4) ON CONFLICT DO NOTHING;
INSERT INTO "rooms" ("room_id","building_id","floor_number","room_number","status","note","updated_at","capacity") VALUES (259,3,6,'607','Available',NULL,'2026-05-14T04:25:33.805Z',4) ON CONFLICT DO NOTHING;
INSERT INTO "rooms" ("room_id","building_id","floor_number","room_number","status","note","updated_at","capacity") VALUES (260,3,6,'608','Available',NULL,'2026-05-14T04:25:33.805Z',4) ON CONFLICT DO NOTHING;
INSERT INTO "rooms" ("room_id","building_id","floor_number","room_number","status","note","updated_at","capacity") VALUES (261,3,6,'609','Available',NULL,'2026-05-14T04:25:33.805Z',4) ON CONFLICT DO NOTHING;
INSERT INTO "rooms" ("room_id","building_id","floor_number","room_number","status","note","updated_at","capacity") VALUES (262,3,6,'610','Available',NULL,'2026-05-14T04:25:33.805Z',4) ON CONFLICT DO NOTHING;
INSERT INTO "rooms" ("room_id","building_id","floor_number","room_number","status","note","updated_at","capacity") VALUES (263,3,6,'611','Available',NULL,'2026-05-14T04:25:33.805Z',4) ON CONFLICT DO NOTHING;
INSERT INTO "rooms" ("room_id","building_id","floor_number","room_number","status","note","updated_at","capacity") VALUES (264,3,6,'612','Available',NULL,'2026-05-14T04:25:33.805Z',4) ON CONFLICT DO NOTHING;
INSERT INTO "rooms" ("room_id","building_id","floor_number","room_number","status","note","updated_at","capacity") VALUES (265,3,6,'613','Available',NULL,'2026-05-14T04:25:33.806Z',4) ON CONFLICT DO NOTHING;
INSERT INTO "rooms" ("room_id","building_id","floor_number","room_number","status","note","updated_at","capacity") VALUES (266,3,6,'614','Available',NULL,'2026-05-14T04:25:33.806Z',4) ON CONFLICT DO NOTHING;
INSERT INTO "rooms" ("room_id","building_id","floor_number","room_number","status","note","updated_at","capacity") VALUES (267,3,6,'615','Available',NULL,'2026-05-14T04:25:33.806Z',4) ON CONFLICT DO NOTHING;
INSERT INTO "rooms" ("room_id","building_id","floor_number","room_number","status","note","updated_at","capacity") VALUES (268,3,6,'616','Available',NULL,'2026-05-14T04:25:33.806Z',4) ON CONFLICT DO NOTHING;
INSERT INTO "rooms" ("room_id","building_id","floor_number","room_number","status","note","updated_at","capacity") VALUES (269,3,6,'617','Available',NULL,'2026-05-14T04:25:33.806Z',4) ON CONFLICT DO NOTHING;
INSERT INTO "rooms" ("room_id","building_id","floor_number","room_number","status","note","updated_at","capacity") VALUES (270,3,6,'618','Available',NULL,'2026-05-14T04:25:33.806Z',4) ON CONFLICT DO NOTHING;
INSERT INTO "rooms" ("room_id","building_id","floor_number","room_number","status","note","updated_at","capacity") VALUES (271,3,6,'619','Available',NULL,'2026-05-14T04:25:33.807Z',4) ON CONFLICT DO NOTHING;
INSERT INTO "rooms" ("room_id","building_id","floor_number","room_number","status","note","updated_at","capacity") VALUES (272,3,6,'620','Available',NULL,'2026-05-14T04:25:33.807Z',4) ON CONFLICT DO NOTHING;
INSERT INTO "rooms" ("room_id","building_id","floor_number","room_number","status","note","updated_at","capacity") VALUES (273,3,6,'621','Available',NULL,'2026-05-14T04:25:33.807Z',4) ON CONFLICT DO NOTHING;
INSERT INTO "rooms" ("room_id","building_id","floor_number","room_number","status","note","updated_at","capacity") VALUES (274,3,7,'701','Available',NULL,'2026-05-14T04:25:33.807Z',4) ON CONFLICT DO NOTHING;
INSERT INTO "rooms" ("room_id","building_id","floor_number","room_number","status","note","updated_at","capacity") VALUES (275,3,7,'702','Available',NULL,'2026-05-14T04:25:33.807Z',4) ON CONFLICT DO NOTHING;
INSERT INTO "rooms" ("room_id","building_id","floor_number","room_number","status","note","updated_at","capacity") VALUES (276,3,7,'703','Available',NULL,'2026-05-14T04:25:33.807Z',4) ON CONFLICT DO NOTHING;
INSERT INTO "rooms" ("room_id","building_id","floor_number","room_number","status","note","updated_at","capacity") VALUES (277,3,7,'704','Available',NULL,'2026-05-14T04:25:33.807Z',4) ON CONFLICT DO NOTHING;
INSERT INTO "rooms" ("room_id","building_id","floor_number","room_number","status","note","updated_at","capacity") VALUES (278,3,7,'705','Available',NULL,'2026-05-14T04:25:33.808Z',4) ON CONFLICT DO NOTHING;
INSERT INTO "rooms" ("room_id","building_id","floor_number","room_number","status","note","updated_at","capacity") VALUES (279,3,7,'706','Available',NULL,'2026-05-14T04:25:33.808Z',4) ON CONFLICT DO NOTHING;
INSERT INTO "rooms" ("room_id","building_id","floor_number","room_number","status","note","updated_at","capacity") VALUES (280,3,7,'707','Available',NULL,'2026-05-14T04:25:33.808Z',4) ON CONFLICT DO NOTHING;
INSERT INTO "rooms" ("room_id","building_id","floor_number","room_number","status","note","updated_at","capacity") VALUES (281,3,7,'708','Available',NULL,'2026-05-14T04:25:33.808Z',4) ON CONFLICT DO NOTHING;
INSERT INTO "rooms" ("room_id","building_id","floor_number","room_number","status","note","updated_at","capacity") VALUES (282,3,7,'709','Available',NULL,'2026-05-14T04:25:33.808Z',4) ON CONFLICT DO NOTHING;
INSERT INTO "rooms" ("room_id","building_id","floor_number","room_number","status","note","updated_at","capacity") VALUES (283,3,7,'710','Available',NULL,'2026-05-14T04:25:33.808Z',4) ON CONFLICT DO NOTHING;
INSERT INTO "rooms" ("room_id","building_id","floor_number","room_number","status","note","updated_at","capacity") VALUES (284,3,7,'711','Available',NULL,'2026-05-14T04:25:33.808Z',4) ON CONFLICT DO NOTHING;
INSERT INTO "rooms" ("room_id","building_id","floor_number","room_number","status","note","updated_at","capacity") VALUES (285,3,7,'712','Available',NULL,'2026-05-14T04:25:33.809Z',4) ON CONFLICT DO NOTHING;
INSERT INTO "rooms" ("room_id","building_id","floor_number","room_number","status","note","updated_at","capacity") VALUES (286,3,7,'713','Available',NULL,'2026-05-14T04:25:33.809Z',4) ON CONFLICT DO NOTHING;
INSERT INTO "rooms" ("room_id","building_id","floor_number","room_number","status","note","updated_at","capacity") VALUES (287,3,7,'714','Available',NULL,'2026-05-14T04:25:33.809Z',4) ON CONFLICT DO NOTHING;
INSERT INTO "rooms" ("room_id","building_id","floor_number","room_number","status","note","updated_at","capacity") VALUES (288,3,7,'715','Available',NULL,'2026-05-14T04:25:33.809Z',4) ON CONFLICT DO NOTHING;
INSERT INTO "rooms" ("room_id","building_id","floor_number","room_number","status","note","updated_at","capacity") VALUES (289,3,7,'716','Available',NULL,'2026-05-14T04:25:33.809Z',4) ON CONFLICT DO NOTHING;
INSERT INTO "rooms" ("room_id","building_id","floor_number","room_number","status","note","updated_at","capacity") VALUES (290,3,7,'717','Available',NULL,'2026-05-14T04:25:33.809Z',4) ON CONFLICT DO NOTHING;
INSERT INTO "rooms" ("room_id","building_id","floor_number","room_number","status","note","updated_at","capacity") VALUES (291,3,7,'718','Available',NULL,'2026-05-14T04:25:33.809Z',4) ON CONFLICT DO NOTHING;
INSERT INTO "rooms" ("room_id","building_id","floor_number","room_number","status","note","updated_at","capacity") VALUES (292,3,7,'719','Available',NULL,'2026-05-14T04:25:33.809Z',4) ON CONFLICT DO NOTHING;
INSERT INTO "rooms" ("room_id","building_id","floor_number","room_number","status","note","updated_at","capacity") VALUES (293,3,7,'720','Available',NULL,'2026-05-14T04:25:33.810Z',4) ON CONFLICT DO NOTHING;
INSERT INTO "rooms" ("room_id","building_id","floor_number","room_number","status","note","updated_at","capacity") VALUES (294,3,7,'721','Available',NULL,'2026-05-14T04:25:33.810Z',4) ON CONFLICT DO NOTHING;
INSERT INTO "rooms" ("room_id","building_id","floor_number","room_number","status","note","updated_at","capacity") VALUES (295,3,8,'801','Available',NULL,'2026-05-14T04:25:33.810Z',4) ON CONFLICT DO NOTHING;
INSERT INTO "rooms" ("room_id","building_id","floor_number","room_number","status","note","updated_at","capacity") VALUES (296,3,8,'802','Available',NULL,'2026-05-14T04:25:33.811Z',4) ON CONFLICT DO NOTHING;
INSERT INTO "rooms" ("room_id","building_id","floor_number","room_number","status","note","updated_at","capacity") VALUES (297,3,8,'803','Available',NULL,'2026-05-14T04:25:33.811Z',4) ON CONFLICT DO NOTHING;
INSERT INTO "rooms" ("room_id","building_id","floor_number","room_number","status","note","updated_at","capacity") VALUES (298,3,8,'804','Available',NULL,'2026-05-14T04:25:33.811Z',4) ON CONFLICT DO NOTHING;
INSERT INTO "rooms" ("room_id","building_id","floor_number","room_number","status","note","updated_at","capacity") VALUES (299,3,8,'805','Available',NULL,'2026-05-14T04:25:33.811Z',4) ON CONFLICT DO NOTHING;
INSERT INTO "rooms" ("room_id","building_id","floor_number","room_number","status","note","updated_at","capacity") VALUES (300,3,8,'806','Available',NULL,'2026-05-14T04:25:33.811Z',4) ON CONFLICT DO NOTHING;
INSERT INTO "rooms" ("room_id","building_id","floor_number","room_number","status","note","updated_at","capacity") VALUES (301,3,8,'807','Available',NULL,'2026-05-14T04:25:33.811Z',4) ON CONFLICT DO NOTHING;
INSERT INTO "rooms" ("room_id","building_id","floor_number","room_number","status","note","updated_at","capacity") VALUES (302,3,8,'808','Available',NULL,'2026-05-14T04:25:33.811Z',4) ON CONFLICT DO NOTHING;
INSERT INTO "rooms" ("room_id","building_id","floor_number","room_number","status","note","updated_at","capacity") VALUES (303,3,8,'809','Available',NULL,'2026-05-14T04:25:33.812Z',4) ON CONFLICT DO NOTHING;
INSERT INTO "rooms" ("room_id","building_id","floor_number","room_number","status","note","updated_at","capacity") VALUES (304,3,8,'810','Available',NULL,'2026-05-14T04:25:33.812Z',4) ON CONFLICT DO NOTHING;
INSERT INTO "rooms" ("room_id","building_id","floor_number","room_number","status","note","updated_at","capacity") VALUES (305,3,8,'811','Available',NULL,'2026-05-14T04:25:33.812Z',4) ON CONFLICT DO NOTHING;
INSERT INTO "rooms" ("room_id","building_id","floor_number","room_number","status","note","updated_at","capacity") VALUES (306,3,8,'812','Available',NULL,'2026-05-14T04:25:33.812Z',4) ON CONFLICT DO NOTHING;
INSERT INTO "rooms" ("room_id","building_id","floor_number","room_number","status","note","updated_at","capacity") VALUES (307,3,8,'813','Available',NULL,'2026-05-14T04:25:33.812Z',4) ON CONFLICT DO NOTHING;
INSERT INTO "rooms" ("room_id","building_id","floor_number","room_number","status","note","updated_at","capacity") VALUES (308,3,8,'814','Available',NULL,'2026-05-14T04:25:33.812Z',4) ON CONFLICT DO NOTHING;
INSERT INTO "rooms" ("room_id","building_id","floor_number","room_number","status","note","updated_at","capacity") VALUES (309,3,8,'815','Available',NULL,'2026-05-14T04:25:33.812Z',4) ON CONFLICT DO NOTHING;
INSERT INTO "rooms" ("room_id","building_id","floor_number","room_number","status","note","updated_at","capacity") VALUES (310,3,8,'816','Available',NULL,'2026-05-14T04:25:33.813Z',4) ON CONFLICT DO NOTHING;
INSERT INTO "rooms" ("room_id","building_id","floor_number","room_number","status","note","updated_at","capacity") VALUES (311,3,8,'817','Available',NULL,'2026-05-14T04:25:33.813Z',4) ON CONFLICT DO NOTHING;
INSERT INTO "rooms" ("room_id","building_id","floor_number","room_number","status","note","updated_at","capacity") VALUES (312,3,8,'818','Available',NULL,'2026-05-14T04:25:33.813Z',4) ON CONFLICT DO NOTHING;
INSERT INTO "rooms" ("room_id","building_id","floor_number","room_number","status","note","updated_at","capacity") VALUES (313,3,8,'819','Available',NULL,'2026-05-14T04:25:33.813Z',4) ON CONFLICT DO NOTHING;
INSERT INTO "rooms" ("room_id","building_id","floor_number","room_number","status","note","updated_at","capacity") VALUES (314,3,8,'820','Available',NULL,'2026-05-14T04:25:33.813Z',4) ON CONFLICT DO NOTHING;
INSERT INTO "rooms" ("room_id","building_id","floor_number","room_number","status","note","updated_at","capacity") VALUES (315,3,8,'821','Available',NULL,'2026-05-14T04:25:33.813Z',4) ON CONFLICT DO NOTHING;
INSERT INTO "rooms" ("room_id","building_id","floor_number","room_number","status","note","updated_at","capacity") VALUES (316,3,9,'901','Available',NULL,'2026-05-14T04:25:33.813Z',4) ON CONFLICT DO NOTHING;
INSERT INTO "rooms" ("room_id","building_id","floor_number","room_number","status","note","updated_at","capacity") VALUES (317,3,9,'902','Available',NULL,'2026-05-14T04:25:33.814Z',4) ON CONFLICT DO NOTHING;
INSERT INTO "rooms" ("room_id","building_id","floor_number","room_number","status","note","updated_at","capacity") VALUES (318,3,9,'903','Available',NULL,'2026-05-14T04:25:33.814Z',4) ON CONFLICT DO NOTHING;
INSERT INTO "rooms" ("room_id","building_id","floor_number","room_number","status","note","updated_at","capacity") VALUES (319,3,9,'904','Available',NULL,'2026-05-14T04:25:33.814Z',4) ON CONFLICT DO NOTHING;
INSERT INTO "rooms" ("room_id","building_id","floor_number","room_number","status","note","updated_at","capacity") VALUES (320,3,9,'905','Available',NULL,'2026-05-14T04:25:33.814Z',4) ON CONFLICT DO NOTHING;
INSERT INTO "rooms" ("room_id","building_id","floor_number","room_number","status","note","updated_at","capacity") VALUES (321,3,9,'906','Available',NULL,'2026-05-14T04:25:33.814Z',4) ON CONFLICT DO NOTHING;
INSERT INTO "rooms" ("room_id","building_id","floor_number","room_number","status","note","updated_at","capacity") VALUES (322,3,9,'907','Available',NULL,'2026-05-14T04:25:33.814Z',4) ON CONFLICT DO NOTHING;
INSERT INTO "rooms" ("room_id","building_id","floor_number","room_number","status","note","updated_at","capacity") VALUES (323,3,9,'908','Available',NULL,'2026-05-14T04:25:33.814Z',4) ON CONFLICT DO NOTHING;
INSERT INTO "rooms" ("room_id","building_id","floor_number","room_number","status","note","updated_at","capacity") VALUES (324,3,9,'909','Available',NULL,'2026-05-14T04:25:33.814Z',4) ON CONFLICT DO NOTHING;
INSERT INTO "rooms" ("room_id","building_id","floor_number","room_number","status","note","updated_at","capacity") VALUES (325,3,9,'910','Available',NULL,'2026-05-14T04:25:33.815Z',4) ON CONFLICT DO NOTHING;
INSERT INTO "rooms" ("room_id","building_id","floor_number","room_number","status","note","updated_at","capacity") VALUES (326,3,9,'911','Available',NULL,'2026-05-14T04:25:33.815Z',4) ON CONFLICT DO NOTHING;
INSERT INTO "rooms" ("room_id","building_id","floor_number","room_number","status","note","updated_at","capacity") VALUES (327,3,9,'912','Available',NULL,'2026-05-14T04:25:33.815Z',4) ON CONFLICT DO NOTHING;
INSERT INTO "rooms" ("room_id","building_id","floor_number","room_number","status","note","updated_at","capacity") VALUES (328,3,9,'913','Available',NULL,'2026-05-14T04:25:33.815Z',4) ON CONFLICT DO NOTHING;
INSERT INTO "rooms" ("room_id","building_id","floor_number","room_number","status","note","updated_at","capacity") VALUES (329,3,9,'914','Available',NULL,'2026-05-14T04:25:33.815Z',4) ON CONFLICT DO NOTHING;
INSERT INTO "rooms" ("room_id","building_id","floor_number","room_number","status","note","updated_at","capacity") VALUES (330,3,9,'915','Available',NULL,'2026-05-14T04:25:33.815Z',4) ON CONFLICT DO NOTHING;
INSERT INTO "rooms" ("room_id","building_id","floor_number","room_number","status","note","updated_at","capacity") VALUES (331,3,9,'916','Available',NULL,'2026-05-14T04:25:33.815Z',4) ON CONFLICT DO NOTHING;
INSERT INTO "rooms" ("room_id","building_id","floor_number","room_number","status","note","updated_at","capacity") VALUES (332,3,9,'917','Available',NULL,'2026-05-14T04:25:33.815Z',4) ON CONFLICT DO NOTHING;
INSERT INTO "rooms" ("room_id","building_id","floor_number","room_number","status","note","updated_at","capacity") VALUES (333,3,9,'918','Available',NULL,'2026-05-14T04:25:33.816Z',4) ON CONFLICT DO NOTHING;
INSERT INTO "rooms" ("room_id","building_id","floor_number","room_number","status","note","updated_at","capacity") VALUES (334,3,9,'919','Available',NULL,'2026-05-14T04:25:33.816Z',4) ON CONFLICT DO NOTHING;
INSERT INTO "rooms" ("room_id","building_id","floor_number","room_number","status","note","updated_at","capacity") VALUES (335,3,9,'920','Available',NULL,'2026-05-14T04:25:33.816Z',4) ON CONFLICT DO NOTHING;
INSERT INTO "rooms" ("room_id","building_id","floor_number","room_number","status","note","updated_at","capacity") VALUES (336,3,9,'921','Available',NULL,'2026-05-14T04:25:33.816Z',4) ON CONFLICT DO NOTHING;
INSERT INTO "rooms" ("room_id","building_id","floor_number","room_number","status","note","updated_at","capacity") VALUES (337,4,2,'201','Available',NULL,'2026-05-14T04:25:33.816Z',4) ON CONFLICT DO NOTHING;
INSERT INTO "rooms" ("room_id","building_id","floor_number","room_number","status","note","updated_at","capacity") VALUES (338,4,2,'202','Available',NULL,'2026-05-14T04:25:33.817Z',4) ON CONFLICT DO NOTHING;
INSERT INTO "rooms" ("room_id","building_id","floor_number","room_number","status","note","updated_at","capacity") VALUES (339,4,2,'203','Available',NULL,'2026-05-14T04:25:33.817Z',4) ON CONFLICT DO NOTHING;
INSERT INTO "rooms" ("room_id","building_id","floor_number","room_number","status","note","updated_at","capacity") VALUES (340,4,2,'204','Available',NULL,'2026-05-14T04:25:33.817Z',4) ON CONFLICT DO NOTHING;
INSERT INTO "rooms" ("room_id","building_id","floor_number","room_number","status","note","updated_at","capacity") VALUES (341,4,2,'205','Available',NULL,'2026-05-14T04:25:33.817Z',4) ON CONFLICT DO NOTHING;
INSERT INTO "rooms" ("room_id","building_id","floor_number","room_number","status","note","updated_at","capacity") VALUES (342,4,2,'206','Available',NULL,'2026-05-14T04:25:33.817Z',4) ON CONFLICT DO NOTHING;
INSERT INTO "rooms" ("room_id","building_id","floor_number","room_number","status","note","updated_at","capacity") VALUES (343,4,2,'207','Available',NULL,'2026-05-14T04:25:33.817Z',4) ON CONFLICT DO NOTHING;
INSERT INTO "rooms" ("room_id","building_id","floor_number","room_number","status","note","updated_at","capacity") VALUES (344,4,2,'208','Available',NULL,'2026-05-14T04:25:33.817Z',4) ON CONFLICT DO NOTHING;
INSERT INTO "rooms" ("room_id","building_id","floor_number","room_number","status","note","updated_at","capacity") VALUES (345,4,2,'209','Available',NULL,'2026-05-14T04:25:33.817Z',4) ON CONFLICT DO NOTHING;
INSERT INTO "rooms" ("room_id","building_id","floor_number","room_number","status","note","updated_at","capacity") VALUES (346,4,2,'210','Available',NULL,'2026-05-14T04:25:33.818Z',4) ON CONFLICT DO NOTHING;
INSERT INTO "rooms" ("room_id","building_id","floor_number","room_number","status","note","updated_at","capacity") VALUES (347,4,2,'211','Available',NULL,'2026-05-14T04:25:33.818Z',4) ON CONFLICT DO NOTHING;
INSERT INTO "rooms" ("room_id","building_id","floor_number","room_number","status","note","updated_at","capacity") VALUES (348,4,2,'212','Available',NULL,'2026-05-14T04:25:33.818Z',4) ON CONFLICT DO NOTHING;
INSERT INTO "rooms" ("room_id","building_id","floor_number","room_number","status","note","updated_at","capacity") VALUES (349,4,2,'213','Available',NULL,'2026-05-14T04:25:33.818Z',4) ON CONFLICT DO NOTHING;
INSERT INTO "rooms" ("room_id","building_id","floor_number","room_number","status","note","updated_at","capacity") VALUES (350,4,2,'214','Available',NULL,'2026-05-14T04:25:33.818Z',4) ON CONFLICT DO NOTHING;
INSERT INTO "rooms" ("room_id","building_id","floor_number","room_number","status","note","updated_at","capacity") VALUES (351,4,2,'215','Available',NULL,'2026-05-14T04:25:33.818Z',4) ON CONFLICT DO NOTHING;
INSERT INTO "rooms" ("room_id","building_id","floor_number","room_number","status","note","updated_at","capacity") VALUES (352,4,2,'216','Available',NULL,'2026-05-14T04:25:33.818Z',4) ON CONFLICT DO NOTHING;
INSERT INTO "rooms" ("room_id","building_id","floor_number","room_number","status","note","updated_at","capacity") VALUES (353,4,2,'217','Available',NULL,'2026-05-14T04:25:33.818Z',4) ON CONFLICT DO NOTHING;
INSERT INTO "rooms" ("room_id","building_id","floor_number","room_number","status","note","updated_at","capacity") VALUES (354,4,2,'218','Available',NULL,'2026-05-14T04:25:33.818Z',4) ON CONFLICT DO NOTHING;
INSERT INTO "rooms" ("room_id","building_id","floor_number","room_number","status","note","updated_at","capacity") VALUES (355,4,2,'219','Available',NULL,'2026-05-14T04:25:33.819Z',4) ON CONFLICT DO NOTHING;
INSERT INTO "rooms" ("room_id","building_id","floor_number","room_number","status","note","updated_at","capacity") VALUES (356,4,2,'220','Available',NULL,'2026-05-14T04:25:33.819Z',4) ON CONFLICT DO NOTHING;
INSERT INTO "rooms" ("room_id","building_id","floor_number","room_number","status","note","updated_at","capacity") VALUES (357,4,2,'221','Available',NULL,'2026-05-14T04:25:33.819Z',4) ON CONFLICT DO NOTHING;
INSERT INTO "rooms" ("room_id","building_id","floor_number","room_number","status","note","updated_at","capacity") VALUES (358,4,3,'301','Available',NULL,'2026-05-14T04:25:33.819Z',4) ON CONFLICT DO NOTHING;
INSERT INTO "rooms" ("room_id","building_id","floor_number","room_number","status","note","updated_at","capacity") VALUES (359,4,3,'302','Available',NULL,'2026-05-14T04:25:33.819Z',4) ON CONFLICT DO NOTHING;
INSERT INTO "rooms" ("room_id","building_id","floor_number","room_number","status","note","updated_at","capacity") VALUES (360,4,3,'303','Available',NULL,'2026-05-14T04:25:33.819Z',4) ON CONFLICT DO NOTHING;
INSERT INTO "rooms" ("room_id","building_id","floor_number","room_number","status","note","updated_at","capacity") VALUES (361,4,3,'304','Available',NULL,'2026-05-14T04:25:33.819Z',4) ON CONFLICT DO NOTHING;
INSERT INTO "rooms" ("room_id","building_id","floor_number","room_number","status","note","updated_at","capacity") VALUES (362,4,3,'305','Available',NULL,'2026-05-14T04:25:33.819Z',4) ON CONFLICT DO NOTHING;
INSERT INTO "rooms" ("room_id","building_id","floor_number","room_number","status","note","updated_at","capacity") VALUES (363,4,3,'306','Available',NULL,'2026-05-14T04:25:33.820Z',4) ON CONFLICT DO NOTHING;
INSERT INTO "rooms" ("room_id","building_id","floor_number","room_number","status","note","updated_at","capacity") VALUES (364,4,3,'307','Available',NULL,'2026-05-14T04:25:33.820Z',4) ON CONFLICT DO NOTHING;
INSERT INTO "rooms" ("room_id","building_id","floor_number","room_number","status","note","updated_at","capacity") VALUES (365,4,3,'308','Available',NULL,'2026-05-14T04:25:33.820Z',4) ON CONFLICT DO NOTHING;
INSERT INTO "rooms" ("room_id","building_id","floor_number","room_number","status","note","updated_at","capacity") VALUES (366,4,3,'309','Available',NULL,'2026-05-14T04:25:33.820Z',4) ON CONFLICT DO NOTHING;
INSERT INTO "rooms" ("room_id","building_id","floor_number","room_number","status","note","updated_at","capacity") VALUES (367,4,3,'310','Available',NULL,'2026-05-14T04:25:33.820Z',4) ON CONFLICT DO NOTHING;
INSERT INTO "rooms" ("room_id","building_id","floor_number","room_number","status","note","updated_at","capacity") VALUES (368,4,3,'311','Available',NULL,'2026-05-14T04:25:33.820Z',4) ON CONFLICT DO NOTHING;
INSERT INTO "rooms" ("room_id","building_id","floor_number","room_number","status","note","updated_at","capacity") VALUES (369,4,3,'312','Available',NULL,'2026-05-14T04:25:33.820Z',4) ON CONFLICT DO NOTHING;
INSERT INTO "rooms" ("room_id","building_id","floor_number","room_number","status","note","updated_at","capacity") VALUES (370,4,3,'313','Available',NULL,'2026-05-14T04:25:33.820Z',4) ON CONFLICT DO NOTHING;
INSERT INTO "rooms" ("room_id","building_id","floor_number","room_number","status","note","updated_at","capacity") VALUES (371,4,3,'314','Available',NULL,'2026-05-14T04:25:33.821Z',4) ON CONFLICT DO NOTHING;
INSERT INTO "rooms" ("room_id","building_id","floor_number","room_number","status","note","updated_at","capacity") VALUES (372,4,3,'315','Available',NULL,'2026-05-14T04:25:33.821Z',4) ON CONFLICT DO NOTHING;
INSERT INTO "rooms" ("room_id","building_id","floor_number","room_number","status","note","updated_at","capacity") VALUES (373,4,3,'316','Available',NULL,'2026-05-14T04:25:33.821Z',4) ON CONFLICT DO NOTHING;
INSERT INTO "rooms" ("room_id","building_id","floor_number","room_number","status","note","updated_at","capacity") VALUES (374,4,3,'317','Available',NULL,'2026-05-14T04:25:33.821Z',4) ON CONFLICT DO NOTHING;
INSERT INTO "rooms" ("room_id","building_id","floor_number","room_number","status","note","updated_at","capacity") VALUES (375,4,3,'318','Available',NULL,'2026-05-14T04:25:33.821Z',4) ON CONFLICT DO NOTHING;
INSERT INTO "rooms" ("room_id","building_id","floor_number","room_number","status","note","updated_at","capacity") VALUES (376,4,3,'319','Available',NULL,'2026-05-14T04:25:33.821Z',4) ON CONFLICT DO NOTHING;
INSERT INTO "rooms" ("room_id","building_id","floor_number","room_number","status","note","updated_at","capacity") VALUES (377,4,3,'320','Available',NULL,'2026-05-14T04:25:33.821Z',4) ON CONFLICT DO NOTHING;
INSERT INTO "rooms" ("room_id","building_id","floor_number","room_number","status","note","updated_at","capacity") VALUES (378,4,3,'321','Available',NULL,'2026-05-14T04:25:33.821Z',4) ON CONFLICT DO NOTHING;
INSERT INTO "rooms" ("room_id","building_id","floor_number","room_number","status","note","updated_at","capacity") VALUES (379,4,4,'401','Available',NULL,'2026-05-14T04:25:33.822Z',4) ON CONFLICT DO NOTHING;
INSERT INTO "rooms" ("room_id","building_id","floor_number","room_number","status","note","updated_at","capacity") VALUES (380,4,4,'402','Occupied',NULL,'2026-05-15T03:55:58.151Z',4) ON CONFLICT DO NOTHING;
INSERT INTO "rooms" ("room_id","building_id","floor_number","room_number","status","note","updated_at","capacity") VALUES (381,4,4,'403','Available',NULL,'2026-05-14T04:25:33.822Z',4) ON CONFLICT DO NOTHING;
INSERT INTO "rooms" ("room_id","building_id","floor_number","room_number","status","note","updated_at","capacity") VALUES (382,4,4,'404','Available',NULL,'2026-05-14T04:25:33.822Z',4) ON CONFLICT DO NOTHING;
INSERT INTO "rooms" ("room_id","building_id","floor_number","room_number","status","note","updated_at","capacity") VALUES (383,4,4,'405','Available',NULL,'2026-05-14T04:25:33.822Z',4) ON CONFLICT DO NOTHING;
INSERT INTO "rooms" ("room_id","building_id","floor_number","room_number","status","note","updated_at","capacity") VALUES (384,4,4,'406','Available',NULL,'2026-05-14T04:25:33.822Z',4) ON CONFLICT DO NOTHING;
INSERT INTO "rooms" ("room_id","building_id","floor_number","room_number","status","note","updated_at","capacity") VALUES (385,4,4,'407','Available',NULL,'2026-05-14T04:25:33.822Z',4) ON CONFLICT DO NOTHING;
INSERT INTO "rooms" ("room_id","building_id","floor_number","room_number","status","note","updated_at","capacity") VALUES (386,4,4,'408','Available',NULL,'2026-05-14T04:25:33.823Z',4) ON CONFLICT DO NOTHING;
INSERT INTO "rooms" ("room_id","building_id","floor_number","room_number","status","note","updated_at","capacity") VALUES (387,4,4,'409','Available',NULL,'2026-05-14T04:25:33.823Z',4) ON CONFLICT DO NOTHING;
INSERT INTO "rooms" ("room_id","building_id","floor_number","room_number","status","note","updated_at","capacity") VALUES (388,4,4,'410','Available',NULL,'2026-05-14T04:25:33.823Z',4) ON CONFLICT DO NOTHING;
INSERT INTO "rooms" ("room_id","building_id","floor_number","room_number","status","note","updated_at","capacity") VALUES (389,4,4,'411','Available',NULL,'2026-05-14T04:25:33.823Z',4) ON CONFLICT DO NOTHING;
INSERT INTO "rooms" ("room_id","building_id","floor_number","room_number","status","note","updated_at","capacity") VALUES (390,4,4,'412','Available',NULL,'2026-05-14T04:25:33.823Z',4) ON CONFLICT DO NOTHING;
INSERT INTO "rooms" ("room_id","building_id","floor_number","room_number","status","note","updated_at","capacity") VALUES (391,4,4,'413','Available',NULL,'2026-05-14T04:25:33.823Z',4) ON CONFLICT DO NOTHING;
INSERT INTO "rooms" ("room_id","building_id","floor_number","room_number","status","note","updated_at","capacity") VALUES (392,4,4,'414','Available',NULL,'2026-05-14T04:25:33.823Z',4) ON CONFLICT DO NOTHING;
INSERT INTO "rooms" ("room_id","building_id","floor_number","room_number","status","note","updated_at","capacity") VALUES (393,4,4,'415','Available',NULL,'2026-05-14T04:25:33.824Z',4) ON CONFLICT DO NOTHING;
INSERT INTO "rooms" ("room_id","building_id","floor_number","room_number","status","note","updated_at","capacity") VALUES (394,4,4,'416','Available',NULL,'2026-05-14T04:25:33.824Z',4) ON CONFLICT DO NOTHING;
INSERT INTO "rooms" ("room_id","building_id","floor_number","room_number","status","note","updated_at","capacity") VALUES (395,4,4,'417','Available',NULL,'2026-05-14T04:25:33.824Z',4) ON CONFLICT DO NOTHING;
INSERT INTO "rooms" ("room_id","building_id","floor_number","room_number","status","note","updated_at","capacity") VALUES (396,4,4,'418','Available',NULL,'2026-05-14T04:25:33.824Z',4) ON CONFLICT DO NOTHING;
INSERT INTO "rooms" ("room_id","building_id","floor_number","room_number","status","note","updated_at","capacity") VALUES (397,4,4,'419','Available',NULL,'2026-05-14T04:25:33.824Z',4) ON CONFLICT DO NOTHING;
INSERT INTO "rooms" ("room_id","building_id","floor_number","room_number","status","note","updated_at","capacity") VALUES (398,4,4,'420','Available',NULL,'2026-05-14T04:25:33.824Z',4) ON CONFLICT DO NOTHING;
INSERT INTO "rooms" ("room_id","building_id","floor_number","room_number","status","note","updated_at","capacity") VALUES (399,4,4,'421','Available',NULL,'2026-05-14T04:25:33.824Z',4) ON CONFLICT DO NOTHING;
INSERT INTO "rooms" ("room_id","building_id","floor_number","room_number","status","note","updated_at","capacity") VALUES (400,4,5,'501','Available',NULL,'2026-05-14T04:25:33.824Z',4) ON CONFLICT DO NOTHING;
INSERT INTO "rooms" ("room_id","building_id","floor_number","room_number","status","note","updated_at","capacity") VALUES (401,4,5,'502','Available',NULL,'2026-05-14T04:25:33.825Z',4) ON CONFLICT DO NOTHING;
INSERT INTO "rooms" ("room_id","building_id","floor_number","room_number","status","note","updated_at","capacity") VALUES (402,4,5,'503','Available',NULL,'2026-05-14T04:25:33.825Z',4) ON CONFLICT DO NOTHING;
INSERT INTO "rooms" ("room_id","building_id","floor_number","room_number","status","note","updated_at","capacity") VALUES (403,4,5,'504','Available',NULL,'2026-05-14T04:25:33.825Z',4) ON CONFLICT DO NOTHING;
INSERT INTO "rooms" ("room_id","building_id","floor_number","room_number","status","note","updated_at","capacity") VALUES (404,4,5,'505','Available',NULL,'2026-05-14T04:25:33.825Z',4) ON CONFLICT DO NOTHING;
INSERT INTO "rooms" ("room_id","building_id","floor_number","room_number","status","note","updated_at","capacity") VALUES (405,4,5,'506','Available',NULL,'2026-05-14T04:25:33.825Z',4) ON CONFLICT DO NOTHING;
INSERT INTO "rooms" ("room_id","building_id","floor_number","room_number","status","note","updated_at","capacity") VALUES (406,4,5,'507','Available',NULL,'2026-05-14T04:25:33.825Z',4) ON CONFLICT DO NOTHING;
INSERT INTO "rooms" ("room_id","building_id","floor_number","room_number","status","note","updated_at","capacity") VALUES (407,4,5,'508','Available',NULL,'2026-05-14T04:25:33.825Z',4) ON CONFLICT DO NOTHING;
INSERT INTO "rooms" ("room_id","building_id","floor_number","room_number","status","note","updated_at","capacity") VALUES (408,4,5,'509','Available',NULL,'2026-05-14T04:25:33.826Z',4) ON CONFLICT DO NOTHING;
INSERT INTO "rooms" ("room_id","building_id","floor_number","room_number","status","note","updated_at","capacity") VALUES (409,4,5,'510','Available',NULL,'2026-05-14T04:25:33.826Z',4) ON CONFLICT DO NOTHING;
INSERT INTO "rooms" ("room_id","building_id","floor_number","room_number","status","note","updated_at","capacity") VALUES (410,4,5,'511','Available',NULL,'2026-05-14T04:25:33.826Z',4) ON CONFLICT DO NOTHING;
INSERT INTO "rooms" ("room_id","building_id","floor_number","room_number","status","note","updated_at","capacity") VALUES (411,4,5,'512','Available',NULL,'2026-05-14T04:25:33.826Z',4) ON CONFLICT DO NOTHING;
INSERT INTO "rooms" ("room_id","building_id","floor_number","room_number","status","note","updated_at","capacity") VALUES (412,4,5,'513','Available',NULL,'2026-05-14T04:25:33.826Z',4) ON CONFLICT DO NOTHING;
INSERT INTO "rooms" ("room_id","building_id","floor_number","room_number","status","note","updated_at","capacity") VALUES (413,4,5,'514','Available',NULL,'2026-05-14T04:25:33.826Z',4) ON CONFLICT DO NOTHING;
INSERT INTO "rooms" ("room_id","building_id","floor_number","room_number","status","note","updated_at","capacity") VALUES (414,4,5,'515','Available',NULL,'2026-05-14T04:25:33.826Z',4) ON CONFLICT DO NOTHING;
INSERT INTO "rooms" ("room_id","building_id","floor_number","room_number","status","note","updated_at","capacity") VALUES (415,4,5,'516','Available',NULL,'2026-05-14T04:25:33.826Z',4) ON CONFLICT DO NOTHING;
INSERT INTO "rooms" ("room_id","building_id","floor_number","room_number","status","note","updated_at","capacity") VALUES (416,4,5,'517','Available',NULL,'2026-05-14T04:25:33.827Z',4) ON CONFLICT DO NOTHING;
INSERT INTO "rooms" ("room_id","building_id","floor_number","room_number","status","note","updated_at","capacity") VALUES (417,4,5,'518','Available',NULL,'2026-05-14T04:25:33.827Z',4) ON CONFLICT DO NOTHING;
INSERT INTO "rooms" ("room_id","building_id","floor_number","room_number","status","note","updated_at","capacity") VALUES (418,4,5,'519','Available',NULL,'2026-05-14T04:25:33.827Z',4) ON CONFLICT DO NOTHING;
INSERT INTO "rooms" ("room_id","building_id","floor_number","room_number","status","note","updated_at","capacity") VALUES (419,4,5,'520','Available',NULL,'2026-05-14T04:25:33.827Z',4) ON CONFLICT DO NOTHING;
INSERT INTO "rooms" ("room_id","building_id","floor_number","room_number","status","note","updated_at","capacity") VALUES (420,4,5,'521','Available',NULL,'2026-05-14T04:25:33.827Z',4) ON CONFLICT DO NOTHING;
INSERT INTO "rooms" ("room_id","building_id","floor_number","room_number","status","note","updated_at","capacity") VALUES (421,4,6,'601','Available',NULL,'2026-05-14T04:25:33.827Z',4) ON CONFLICT DO NOTHING;
INSERT INTO "rooms" ("room_id","building_id","floor_number","room_number","status","note","updated_at","capacity") VALUES (422,4,6,'602','Available',NULL,'2026-05-14T04:25:33.828Z',4) ON CONFLICT DO NOTHING;
INSERT INTO "rooms" ("room_id","building_id","floor_number","room_number","status","note","updated_at","capacity") VALUES (423,4,6,'603','Available',NULL,'2026-05-14T04:25:33.828Z',4) ON CONFLICT DO NOTHING;
INSERT INTO "rooms" ("room_id","building_id","floor_number","room_number","status","note","updated_at","capacity") VALUES (424,4,6,'604','Available',NULL,'2026-05-14T04:25:33.828Z',4) ON CONFLICT DO NOTHING;
INSERT INTO "rooms" ("room_id","building_id","floor_number","room_number","status","note","updated_at","capacity") VALUES (425,4,6,'605','Available',NULL,'2026-05-14T04:25:33.828Z',4) ON CONFLICT DO NOTHING;
INSERT INTO "rooms" ("room_id","building_id","floor_number","room_number","status","note","updated_at","capacity") VALUES (426,4,6,'606','Available',NULL,'2026-05-14T04:25:33.828Z',4) ON CONFLICT DO NOTHING;
INSERT INTO "rooms" ("room_id","building_id","floor_number","room_number","status","note","updated_at","capacity") VALUES (427,4,6,'607','Available',NULL,'2026-05-14T04:25:33.829Z',4) ON CONFLICT DO NOTHING;
INSERT INTO "rooms" ("room_id","building_id","floor_number","room_number","status","note","updated_at","capacity") VALUES (428,4,6,'608','Available',NULL,'2026-05-14T04:25:33.829Z',4) ON CONFLICT DO NOTHING;
INSERT INTO "rooms" ("room_id","building_id","floor_number","room_number","status","note","updated_at","capacity") VALUES (429,4,6,'609','Available',NULL,'2026-05-14T04:25:33.829Z',4) ON CONFLICT DO NOTHING;
INSERT INTO "rooms" ("room_id","building_id","floor_number","room_number","status","note","updated_at","capacity") VALUES (430,4,6,'610','Available',NULL,'2026-05-14T04:25:33.829Z',4) ON CONFLICT DO NOTHING;
INSERT INTO "rooms" ("room_id","building_id","floor_number","room_number","status","note","updated_at","capacity") VALUES (431,4,6,'611','Available',NULL,'2026-05-14T04:25:33.829Z',4) ON CONFLICT DO NOTHING;
INSERT INTO "rooms" ("room_id","building_id","floor_number","room_number","status","note","updated_at","capacity") VALUES (432,4,6,'612','Available',NULL,'2026-05-14T04:25:33.829Z',4) ON CONFLICT DO NOTHING;
INSERT INTO "rooms" ("room_id","building_id","floor_number","room_number","status","note","updated_at","capacity") VALUES (433,4,6,'613','Available',NULL,'2026-05-14T04:25:33.829Z',4) ON CONFLICT DO NOTHING;
INSERT INTO "rooms" ("room_id","building_id","floor_number","room_number","status","note","updated_at","capacity") VALUES (434,4,6,'614','Available',NULL,'2026-05-14T04:25:33.829Z',4) ON CONFLICT DO NOTHING;
INSERT INTO "rooms" ("room_id","building_id","floor_number","room_number","status","note","updated_at","capacity") VALUES (435,4,6,'615','Available',NULL,'2026-05-14T04:25:33.829Z',4) ON CONFLICT DO NOTHING;
INSERT INTO "rooms" ("room_id","building_id","floor_number","room_number","status","note","updated_at","capacity") VALUES (436,4,6,'616','Available',NULL,'2026-05-14T04:25:33.830Z',4) ON CONFLICT DO NOTHING;
INSERT INTO "rooms" ("room_id","building_id","floor_number","room_number","status","note","updated_at","capacity") VALUES (437,4,6,'617','Available',NULL,'2026-05-14T04:25:33.830Z',4) ON CONFLICT DO NOTHING;
INSERT INTO "rooms" ("room_id","building_id","floor_number","room_number","status","note","updated_at","capacity") VALUES (438,4,6,'618','Available',NULL,'2026-05-14T04:25:33.830Z',4) ON CONFLICT DO NOTHING;
INSERT INTO "rooms" ("room_id","building_id","floor_number","room_number","status","note","updated_at","capacity") VALUES (439,4,6,'619','Available',NULL,'2026-05-14T04:25:33.830Z',4) ON CONFLICT DO NOTHING;
INSERT INTO "rooms" ("room_id","building_id","floor_number","room_number","status","note","updated_at","capacity") VALUES (440,4,6,'620','Available',NULL,'2026-05-14T04:25:33.830Z',4) ON CONFLICT DO NOTHING;
INSERT INTO "rooms" ("room_id","building_id","floor_number","room_number","status","note","updated_at","capacity") VALUES (441,4,6,'621','Available',NULL,'2026-05-14T04:25:33.830Z',4) ON CONFLICT DO NOTHING;
INSERT INTO "rooms" ("room_id","building_id","floor_number","room_number","status","note","updated_at","capacity") VALUES (442,5,2,'201','Available',NULL,'2026-05-14T04:25:33.831Z',4) ON CONFLICT DO NOTHING;
INSERT INTO "rooms" ("room_id","building_id","floor_number","room_number","status","note","updated_at","capacity") VALUES (443,5,2,'202','Available',NULL,'2026-05-14T04:25:33.831Z',4) ON CONFLICT DO NOTHING;
INSERT INTO "rooms" ("room_id","building_id","floor_number","room_number","status","note","updated_at","capacity") VALUES (444,5,2,'203','Available',NULL,'2026-05-14T04:25:33.831Z',4) ON CONFLICT DO NOTHING;
INSERT INTO "rooms" ("room_id","building_id","floor_number","room_number","status","note","updated_at","capacity") VALUES (445,5,2,'204','Available',NULL,'2026-05-14T04:25:33.831Z',4) ON CONFLICT DO NOTHING;
INSERT INTO "rooms" ("room_id","building_id","floor_number","room_number","status","note","updated_at","capacity") VALUES (446,5,2,'205','Available',NULL,'2026-05-14T04:25:33.831Z',4) ON CONFLICT DO NOTHING;
INSERT INTO "rooms" ("room_id","building_id","floor_number","room_number","status","note","updated_at","capacity") VALUES (447,5,2,'206','Available',NULL,'2026-05-14T04:25:33.831Z',4) ON CONFLICT DO NOTHING;
INSERT INTO "rooms" ("room_id","building_id","floor_number","room_number","status","note","updated_at","capacity") VALUES (448,5,2,'207','Available',NULL,'2026-05-14T04:25:33.831Z',4) ON CONFLICT DO NOTHING;
INSERT INTO "rooms" ("room_id","building_id","floor_number","room_number","status","note","updated_at","capacity") VALUES (449,5,2,'208','Available',NULL,'2026-05-14T04:25:33.831Z',4) ON CONFLICT DO NOTHING;
INSERT INTO "rooms" ("room_id","building_id","floor_number","room_number","status","note","updated_at","capacity") VALUES (450,5,2,'209','Available',NULL,'2026-05-14T04:25:33.832Z',4) ON CONFLICT DO NOTHING;
INSERT INTO "rooms" ("room_id","building_id","floor_number","room_number","status","note","updated_at","capacity") VALUES (451,5,2,'210','Available',NULL,'2026-05-14T04:25:33.832Z',4) ON CONFLICT DO NOTHING;
INSERT INTO "rooms" ("room_id","building_id","floor_number","room_number","status","note","updated_at","capacity") VALUES (452,5,2,'211','Available',NULL,'2026-05-14T04:25:33.832Z',4) ON CONFLICT DO NOTHING;
INSERT INTO "rooms" ("room_id","building_id","floor_number","room_number","status","note","updated_at","capacity") VALUES (453,5,2,'212','Available',NULL,'2026-05-14T04:25:33.832Z',4) ON CONFLICT DO NOTHING;
INSERT INTO "rooms" ("room_id","building_id","floor_number","room_number","status","note","updated_at","capacity") VALUES (454,5,2,'213','Available',NULL,'2026-05-14T04:25:33.832Z',4) ON CONFLICT DO NOTHING;
INSERT INTO "rooms" ("room_id","building_id","floor_number","room_number","status","note","updated_at","capacity") VALUES (455,5,2,'214','Available',NULL,'2026-05-14T04:25:33.832Z',4) ON CONFLICT DO NOTHING;
INSERT INTO "rooms" ("room_id","building_id","floor_number","room_number","status","note","updated_at","capacity") VALUES (456,5,2,'215','Available',NULL,'2026-05-14T04:25:33.832Z',4) ON CONFLICT DO NOTHING;
INSERT INTO "rooms" ("room_id","building_id","floor_number","room_number","status","note","updated_at","capacity") VALUES (457,5,2,'216','Available',NULL,'2026-05-14T04:25:33.832Z',4) ON CONFLICT DO NOTHING;
INSERT INTO "rooms" ("room_id","building_id","floor_number","room_number","status","note","updated_at","capacity") VALUES (458,5,2,'217','Available',NULL,'2026-05-14T04:25:33.833Z',4) ON CONFLICT DO NOTHING;
INSERT INTO "rooms" ("room_id","building_id","floor_number","room_number","status","note","updated_at","capacity") VALUES (459,5,2,'218','Available',NULL,'2026-05-14T04:25:33.833Z',4) ON CONFLICT DO NOTHING;
INSERT INTO "rooms" ("room_id","building_id","floor_number","room_number","status","note","updated_at","capacity") VALUES (460,5,2,'219','Available',NULL,'2026-05-14T04:25:33.833Z',4) ON CONFLICT DO NOTHING;
INSERT INTO "rooms" ("room_id","building_id","floor_number","room_number","status","note","updated_at","capacity") VALUES (461,5,2,'220','Available',NULL,'2026-05-14T04:25:33.833Z',4) ON CONFLICT DO NOTHING;
INSERT INTO "rooms" ("room_id","building_id","floor_number","room_number","status","note","updated_at","capacity") VALUES (462,5,2,'221','Available',NULL,'2026-05-14T04:25:33.833Z',4) ON CONFLICT DO NOTHING;
INSERT INTO "rooms" ("room_id","building_id","floor_number","room_number","status","note","updated_at","capacity") VALUES (463,5,3,'301','Available',NULL,'2026-05-14T04:25:33.833Z',4) ON CONFLICT DO NOTHING;
INSERT INTO "rooms" ("room_id","building_id","floor_number","room_number","status","note","updated_at","capacity") VALUES (464,5,3,'302','Available',NULL,'2026-05-14T04:25:33.834Z',4) ON CONFLICT DO NOTHING;
INSERT INTO "rooms" ("room_id","building_id","floor_number","room_number","status","note","updated_at","capacity") VALUES (465,5,3,'303','Available',NULL,'2026-05-14T04:25:33.834Z',4) ON CONFLICT DO NOTHING;
INSERT INTO "rooms" ("room_id","building_id","floor_number","room_number","status","note","updated_at","capacity") VALUES (466,5,3,'304','Available',NULL,'2026-05-14T04:25:33.834Z',4) ON CONFLICT DO NOTHING;
INSERT INTO "rooms" ("room_id","building_id","floor_number","room_number","status","note","updated_at","capacity") VALUES (467,5,3,'305','Available',NULL,'2026-05-14T04:25:33.834Z',4) ON CONFLICT DO NOTHING;
INSERT INTO "rooms" ("room_id","building_id","floor_number","room_number","status","note","updated_at","capacity") VALUES (468,5,3,'306','Available',NULL,'2026-05-14T04:25:33.834Z',4) ON CONFLICT DO NOTHING;
INSERT INTO "rooms" ("room_id","building_id","floor_number","room_number","status","note","updated_at","capacity") VALUES (469,5,3,'307','Available',NULL,'2026-05-14T04:25:33.834Z',4) ON CONFLICT DO NOTHING;
INSERT INTO "rooms" ("room_id","building_id","floor_number","room_number","status","note","updated_at","capacity") VALUES (470,5,3,'308','Available',NULL,'2026-05-14T04:25:33.834Z',4) ON CONFLICT DO NOTHING;
INSERT INTO "rooms" ("room_id","building_id","floor_number","room_number","status","note","updated_at","capacity") VALUES (471,5,3,'309','Available',NULL,'2026-05-14T04:25:33.834Z',4) ON CONFLICT DO NOTHING;
INSERT INTO "rooms" ("room_id","building_id","floor_number","room_number","status","note","updated_at","capacity") VALUES (472,5,3,'310','Available',NULL,'2026-05-14T04:25:33.835Z',4) ON CONFLICT DO NOTHING;
INSERT INTO "rooms" ("room_id","building_id","floor_number","room_number","status","note","updated_at","capacity") VALUES (473,5,3,'311','Available',NULL,'2026-05-14T04:25:33.835Z',4) ON CONFLICT DO NOTHING;
INSERT INTO "rooms" ("room_id","building_id","floor_number","room_number","status","note","updated_at","capacity") VALUES (474,5,3,'312','Available',NULL,'2026-05-14T04:25:33.835Z',4) ON CONFLICT DO NOTHING;
INSERT INTO "rooms" ("room_id","building_id","floor_number","room_number","status","note","updated_at","capacity") VALUES (475,5,3,'313','Available',NULL,'2026-05-14T04:25:33.835Z',4) ON CONFLICT DO NOTHING;
INSERT INTO "rooms" ("room_id","building_id","floor_number","room_number","status","note","updated_at","capacity") VALUES (476,5,3,'314','Available',NULL,'2026-05-14T04:25:33.835Z',4) ON CONFLICT DO NOTHING;
INSERT INTO "rooms" ("room_id","building_id","floor_number","room_number","status","note","updated_at","capacity") VALUES (477,5,3,'315','Available',NULL,'2026-05-14T04:25:33.835Z',4) ON CONFLICT DO NOTHING;
INSERT INTO "rooms" ("room_id","building_id","floor_number","room_number","status","note","updated_at","capacity") VALUES (478,5,3,'316','Available',NULL,'2026-05-14T04:25:33.835Z',4) ON CONFLICT DO NOTHING;
INSERT INTO "rooms" ("room_id","building_id","floor_number","room_number","status","note","updated_at","capacity") VALUES (479,5,3,'317','Available',NULL,'2026-05-14T04:25:33.836Z',4) ON CONFLICT DO NOTHING;
INSERT INTO "rooms" ("room_id","building_id","floor_number","room_number","status","note","updated_at","capacity") VALUES (480,5,3,'318','Available',NULL,'2026-05-14T04:25:33.836Z',4) ON CONFLICT DO NOTHING;
INSERT INTO "rooms" ("room_id","building_id","floor_number","room_number","status","note","updated_at","capacity") VALUES (481,5,3,'319','Available',NULL,'2026-05-14T04:25:33.836Z',4) ON CONFLICT DO NOTHING;
INSERT INTO "rooms" ("room_id","building_id","floor_number","room_number","status","note","updated_at","capacity") VALUES (482,5,3,'320','Available',NULL,'2026-05-14T04:25:33.836Z',4) ON CONFLICT DO NOTHING;
INSERT INTO "rooms" ("room_id","building_id","floor_number","room_number","status","note","updated_at","capacity") VALUES (483,5,3,'321','Available',NULL,'2026-05-14T04:25:33.836Z',4) ON CONFLICT DO NOTHING;
INSERT INTO "rooms" ("room_id","building_id","floor_number","room_number","status","note","updated_at","capacity") VALUES (484,5,4,'401','Available',NULL,'2026-05-14T04:25:33.836Z',4) ON CONFLICT DO NOTHING;
INSERT INTO "rooms" ("room_id","building_id","floor_number","room_number","status","note","updated_at","capacity") VALUES (485,5,4,'402','Available',NULL,'2026-05-14T04:25:33.836Z',4) ON CONFLICT DO NOTHING;
INSERT INTO "rooms" ("room_id","building_id","floor_number","room_number","status","note","updated_at","capacity") VALUES (486,5,4,'403','Available',NULL,'2026-05-14T04:25:33.837Z',4) ON CONFLICT DO NOTHING;
INSERT INTO "rooms" ("room_id","building_id","floor_number","room_number","status","note","updated_at","capacity") VALUES (487,5,4,'404','Available',NULL,'2026-05-14T04:25:33.837Z',4) ON CONFLICT DO NOTHING;
INSERT INTO "rooms" ("room_id","building_id","floor_number","room_number","status","note","updated_at","capacity") VALUES (488,5,4,'405','Available',NULL,'2026-05-14T04:25:33.837Z',4) ON CONFLICT DO NOTHING;
INSERT INTO "rooms" ("room_id","building_id","floor_number","room_number","status","note","updated_at","capacity") VALUES (489,5,4,'406','Available',NULL,'2026-05-14T04:25:33.837Z',4) ON CONFLICT DO NOTHING;
INSERT INTO "rooms" ("room_id","building_id","floor_number","room_number","status","note","updated_at","capacity") VALUES (490,5,4,'407','Available',NULL,'2026-05-14T04:25:33.837Z',4) ON CONFLICT DO NOTHING;
INSERT INTO "rooms" ("room_id","building_id","floor_number","room_number","status","note","updated_at","capacity") VALUES (491,5,4,'408','Available',NULL,'2026-05-14T04:25:33.837Z',4) ON CONFLICT DO NOTHING;
INSERT INTO "rooms" ("room_id","building_id","floor_number","room_number","status","note","updated_at","capacity") VALUES (492,5,4,'409','Available',NULL,'2026-05-14T04:25:33.838Z',4) ON CONFLICT DO NOTHING;
INSERT INTO "rooms" ("room_id","building_id","floor_number","room_number","status","note","updated_at","capacity") VALUES (493,5,4,'410','Available',NULL,'2026-05-14T04:25:33.838Z',4) ON CONFLICT DO NOTHING;
INSERT INTO "rooms" ("room_id","building_id","floor_number","room_number","status","note","updated_at","capacity") VALUES (494,5,4,'411','Available',NULL,'2026-05-14T04:25:33.838Z',4) ON CONFLICT DO NOTHING;
INSERT INTO "rooms" ("room_id","building_id","floor_number","room_number","status","note","updated_at","capacity") VALUES (495,5,4,'412','Available',NULL,'2026-05-14T04:25:33.838Z',4) ON CONFLICT DO NOTHING;
INSERT INTO "rooms" ("room_id","building_id","floor_number","room_number","status","note","updated_at","capacity") VALUES (496,5,4,'413','Available',NULL,'2026-05-14T04:25:33.838Z',4) ON CONFLICT DO NOTHING;
INSERT INTO "rooms" ("room_id","building_id","floor_number","room_number","status","note","updated_at","capacity") VALUES (497,5,4,'414','Available',NULL,'2026-05-14T04:25:33.839Z',4) ON CONFLICT DO NOTHING;
INSERT INTO "rooms" ("room_id","building_id","floor_number","room_number","status","note","updated_at","capacity") VALUES (498,5,4,'415','Available',NULL,'2026-05-14T04:25:33.839Z',4) ON CONFLICT DO NOTHING;
INSERT INTO "rooms" ("room_id","building_id","floor_number","room_number","status","note","updated_at","capacity") VALUES (499,5,4,'416','Available',NULL,'2026-05-14T04:25:33.839Z',4) ON CONFLICT DO NOTHING;
INSERT INTO "rooms" ("room_id","building_id","floor_number","room_number","status","note","updated_at","capacity") VALUES (500,5,4,'417','Available',NULL,'2026-05-14T04:25:33.839Z',4) ON CONFLICT DO NOTHING;
INSERT INTO "rooms" ("room_id","building_id","floor_number","room_number","status","note","updated_at","capacity") VALUES (501,5,4,'418','Available',NULL,'2026-05-14T04:25:33.839Z',4) ON CONFLICT DO NOTHING;
INSERT INTO "rooms" ("room_id","building_id","floor_number","room_number","status","note","updated_at","capacity") VALUES (502,5,4,'419','Available',NULL,'2026-05-14T04:25:33.839Z',4) ON CONFLICT DO NOTHING;
INSERT INTO "rooms" ("room_id","building_id","floor_number","room_number","status","note","updated_at","capacity") VALUES (503,5,4,'420','Available',NULL,'2026-05-14T04:25:33.839Z',4) ON CONFLICT DO NOTHING;
INSERT INTO "rooms" ("room_id","building_id","floor_number","room_number","status","note","updated_at","capacity") VALUES (504,5,4,'421','Available',NULL,'2026-05-14T04:25:33.840Z',4) ON CONFLICT DO NOTHING;
INSERT INTO "rooms" ("room_id","building_id","floor_number","room_number","status","note","updated_at","capacity") VALUES (505,5,5,'501','Available',NULL,'2026-05-14T04:25:33.840Z',4) ON CONFLICT DO NOTHING;
INSERT INTO "rooms" ("room_id","building_id","floor_number","room_number","status","note","updated_at","capacity") VALUES (506,5,5,'502','Available',NULL,'2026-05-14T04:25:33.840Z',4) ON CONFLICT DO NOTHING;
INSERT INTO "rooms" ("room_id","building_id","floor_number","room_number","status","note","updated_at","capacity") VALUES (507,5,5,'503','Available',NULL,'2026-05-14T04:25:33.840Z',4) ON CONFLICT DO NOTHING;
INSERT INTO "rooms" ("room_id","building_id","floor_number","room_number","status","note","updated_at","capacity") VALUES (508,5,5,'504','Available',NULL,'2026-05-14T04:25:33.841Z',4) ON CONFLICT DO NOTHING;
INSERT INTO "rooms" ("room_id","building_id","floor_number","room_number","status","note","updated_at","capacity") VALUES (509,5,5,'505','Available',NULL,'2026-05-14T04:25:33.841Z',4) ON CONFLICT DO NOTHING;
INSERT INTO "rooms" ("room_id","building_id","floor_number","room_number","status","note","updated_at","capacity") VALUES (510,5,5,'506','Available',NULL,'2026-05-14T04:25:33.841Z',4) ON CONFLICT DO NOTHING;
INSERT INTO "rooms" ("room_id","building_id","floor_number","room_number","status","note","updated_at","capacity") VALUES (511,5,5,'507','Available',NULL,'2026-05-14T04:25:33.841Z',4) ON CONFLICT DO NOTHING;
INSERT INTO "rooms" ("room_id","building_id","floor_number","room_number","status","note","updated_at","capacity") VALUES (512,5,5,'508','Available',NULL,'2026-05-14T04:25:33.841Z',4) ON CONFLICT DO NOTHING;
INSERT INTO "rooms" ("room_id","building_id","floor_number","room_number","status","note","updated_at","capacity") VALUES (513,5,5,'509','Available',NULL,'2026-05-14T04:25:33.841Z',4) ON CONFLICT DO NOTHING;
INSERT INTO "rooms" ("room_id","building_id","floor_number","room_number","status","note","updated_at","capacity") VALUES (514,5,5,'510','Available',NULL,'2026-05-14T04:25:33.841Z',4) ON CONFLICT DO NOTHING;
INSERT INTO "rooms" ("room_id","building_id","floor_number","room_number","status","note","updated_at","capacity") VALUES (515,5,5,'511','Available',NULL,'2026-05-14T04:25:33.841Z',4) ON CONFLICT DO NOTHING;
INSERT INTO "rooms" ("room_id","building_id","floor_number","room_number","status","note","updated_at","capacity") VALUES (516,5,5,'512','Available',NULL,'2026-05-14T04:25:33.842Z',4) ON CONFLICT DO NOTHING;
INSERT INTO "rooms" ("room_id","building_id","floor_number","room_number","status","note","updated_at","capacity") VALUES (517,5,5,'513','Available',NULL,'2026-05-14T04:25:33.842Z',4) ON CONFLICT DO NOTHING;
INSERT INTO "rooms" ("room_id","building_id","floor_number","room_number","status","note","updated_at","capacity") VALUES (518,5,5,'514','Available',NULL,'2026-05-14T04:25:33.842Z',4) ON CONFLICT DO NOTHING;
INSERT INTO "rooms" ("room_id","building_id","floor_number","room_number","status","note","updated_at","capacity") VALUES (519,5,5,'515','Available',NULL,'2026-05-14T04:25:33.842Z',4) ON CONFLICT DO NOTHING;
INSERT INTO "rooms" ("room_id","building_id","floor_number","room_number","status","note","updated_at","capacity") VALUES (520,5,5,'516','Available',NULL,'2026-05-14T04:25:33.842Z',4) ON CONFLICT DO NOTHING;
INSERT INTO "rooms" ("room_id","building_id","floor_number","room_number","status","note","updated_at","capacity") VALUES (521,5,5,'517','Available',NULL,'2026-05-14T04:25:33.842Z',4) ON CONFLICT DO NOTHING;
INSERT INTO "rooms" ("room_id","building_id","floor_number","room_number","status","note","updated_at","capacity") VALUES (522,5,5,'518','Available',NULL,'2026-05-14T04:25:33.842Z',4) ON CONFLICT DO NOTHING;
INSERT INTO "rooms" ("room_id","building_id","floor_number","room_number","status","note","updated_at","capacity") VALUES (523,5,5,'519','Available',NULL,'2026-05-14T04:25:33.843Z',4) ON CONFLICT DO NOTHING;
INSERT INTO "rooms" ("room_id","building_id","floor_number","room_number","status","note","updated_at","capacity") VALUES (524,5,5,'520','Available',NULL,'2026-05-14T04:25:33.843Z',4) ON CONFLICT DO NOTHING;
INSERT INTO "rooms" ("room_id","building_id","floor_number","room_number","status","note","updated_at","capacity") VALUES (525,5,5,'521','Available',NULL,'2026-05-14T04:25:33.843Z',4) ON CONFLICT DO NOTHING;
INSERT INTO "rooms" ("room_id","building_id","floor_number","room_number","status","note","updated_at","capacity") VALUES (526,5,6,'601','Available',NULL,'2026-05-14T04:25:33.843Z',4) ON CONFLICT DO NOTHING;
INSERT INTO "rooms" ("room_id","building_id","floor_number","room_number","status","note","updated_at","capacity") VALUES (527,5,6,'602','Available',NULL,'2026-05-14T04:25:33.843Z',4) ON CONFLICT DO NOTHING;
INSERT INTO "rooms" ("room_id","building_id","floor_number","room_number","status","note","updated_at","capacity") VALUES (528,5,6,'603','Available',NULL,'2026-05-14T04:25:33.843Z',4) ON CONFLICT DO NOTHING;
INSERT INTO "rooms" ("room_id","building_id","floor_number","room_number","status","note","updated_at","capacity") VALUES (529,5,6,'604','Available',NULL,'2026-05-14T04:25:33.843Z',4) ON CONFLICT DO NOTHING;
INSERT INTO "rooms" ("room_id","building_id","floor_number","room_number","status","note","updated_at","capacity") VALUES (530,5,6,'605','Available',NULL,'2026-05-14T04:25:33.844Z',4) ON CONFLICT DO NOTHING;
INSERT INTO "rooms" ("room_id","building_id","floor_number","room_number","status","note","updated_at","capacity") VALUES (531,5,6,'606','Available',NULL,'2026-05-14T04:25:33.844Z',4) ON CONFLICT DO NOTHING;
INSERT INTO "rooms" ("room_id","building_id","floor_number","room_number","status","note","updated_at","capacity") VALUES (532,5,6,'607','Available',NULL,'2026-05-14T04:25:33.844Z',4) ON CONFLICT DO NOTHING;
INSERT INTO "rooms" ("room_id","building_id","floor_number","room_number","status","note","updated_at","capacity") VALUES (533,5,6,'608','Available',NULL,'2026-05-14T04:25:33.844Z',4) ON CONFLICT DO NOTHING;
INSERT INTO "rooms" ("room_id","building_id","floor_number","room_number","status","note","updated_at","capacity") VALUES (534,5,6,'609','Available',NULL,'2026-05-14T04:25:33.844Z',4) ON CONFLICT DO NOTHING;
INSERT INTO "rooms" ("room_id","building_id","floor_number","room_number","status","note","updated_at","capacity") VALUES (535,5,6,'610','Available',NULL,'2026-05-14T04:25:33.844Z',4) ON CONFLICT DO NOTHING;
INSERT INTO "rooms" ("room_id","building_id","floor_number","room_number","status","note","updated_at","capacity") VALUES (536,5,6,'611','Available',NULL,'2026-05-14T04:25:33.844Z',4) ON CONFLICT DO NOTHING;
INSERT INTO "rooms" ("room_id","building_id","floor_number","room_number","status","note","updated_at","capacity") VALUES (537,5,6,'612','Available',NULL,'2026-05-14T04:25:33.844Z',4) ON CONFLICT DO NOTHING;
INSERT INTO "rooms" ("room_id","building_id","floor_number","room_number","status","note","updated_at","capacity") VALUES (538,5,6,'613','Available',NULL,'2026-05-14T04:25:33.845Z',4) ON CONFLICT DO NOTHING;
INSERT INTO "rooms" ("room_id","building_id","floor_number","room_number","status","note","updated_at","capacity") VALUES (539,5,6,'614','Available',NULL,'2026-05-14T04:25:33.845Z',4) ON CONFLICT DO NOTHING;
INSERT INTO "rooms" ("room_id","building_id","floor_number","room_number","status","note","updated_at","capacity") VALUES (540,5,6,'615','Available',NULL,'2026-05-14T04:25:33.845Z',4) ON CONFLICT DO NOTHING;
INSERT INTO "rooms" ("room_id","building_id","floor_number","room_number","status","note","updated_at","capacity") VALUES (541,5,6,'616','Available',NULL,'2026-05-14T04:25:33.845Z',4) ON CONFLICT DO NOTHING;
INSERT INTO "rooms" ("room_id","building_id","floor_number","room_number","status","note","updated_at","capacity") VALUES (542,5,6,'617','Available',NULL,'2026-05-14T04:25:33.845Z',4) ON CONFLICT DO NOTHING;
INSERT INTO "rooms" ("room_id","building_id","floor_number","room_number","status","note","updated_at","capacity") VALUES (543,5,6,'618','Available',NULL,'2026-05-14T04:25:33.845Z',4) ON CONFLICT DO NOTHING;
INSERT INTO "rooms" ("room_id","building_id","floor_number","room_number","status","note","updated_at","capacity") VALUES (544,5,6,'619','Available',NULL,'2026-05-14T04:25:33.845Z',4) ON CONFLICT DO NOTHING;
INSERT INTO "rooms" ("room_id","building_id","floor_number","room_number","status","note","updated_at","capacity") VALUES (545,5,6,'620','Available',NULL,'2026-05-14T04:25:33.845Z',4) ON CONFLICT DO NOTHING;
INSERT INTO "rooms" ("room_id","building_id","floor_number","room_number","status","note","updated_at","capacity") VALUES (546,5,6,'621','Available',NULL,'2026-05-14T04:25:33.846Z',4) ON CONFLICT DO NOTHING;
INSERT INTO "rooms" ("room_id","building_id","floor_number","room_number","status","note","updated_at","capacity") VALUES (547,6,2,'201','Available',NULL,'2026-05-14T04:25:33.846Z',4) ON CONFLICT DO NOTHING;
INSERT INTO "rooms" ("room_id","building_id","floor_number","room_number","status","note","updated_at","capacity") VALUES (548,6,2,'202','Available',NULL,'2026-05-14T04:25:33.846Z',4) ON CONFLICT DO NOTHING;
INSERT INTO "rooms" ("room_id","building_id","floor_number","room_number","status","note","updated_at","capacity") VALUES (549,6,2,'203','Available',NULL,'2026-05-14T04:25:33.846Z',4) ON CONFLICT DO NOTHING;
INSERT INTO "rooms" ("room_id","building_id","floor_number","room_number","status","note","updated_at","capacity") VALUES (550,6,2,'204','Available',NULL,'2026-05-14T04:25:33.847Z',4) ON CONFLICT DO NOTHING;
INSERT INTO "rooms" ("room_id","building_id","floor_number","room_number","status","note","updated_at","capacity") VALUES (551,6,2,'205','Available',NULL,'2026-05-14T04:25:33.847Z',4) ON CONFLICT DO NOTHING;
INSERT INTO "rooms" ("room_id","building_id","floor_number","room_number","status","note","updated_at","capacity") VALUES (552,6,2,'206','Available',NULL,'2026-05-14T04:25:33.847Z',4) ON CONFLICT DO NOTHING;
INSERT INTO "rooms" ("room_id","building_id","floor_number","room_number","status","note","updated_at","capacity") VALUES (553,6,2,'207','Available',NULL,'2026-05-14T04:25:33.847Z',4) ON CONFLICT DO NOTHING;
INSERT INTO "rooms" ("room_id","building_id","floor_number","room_number","status","note","updated_at","capacity") VALUES (554,6,2,'208','Available',NULL,'2026-05-14T04:25:33.848Z',4) ON CONFLICT DO NOTHING;
INSERT INTO "rooms" ("room_id","building_id","floor_number","room_number","status","note","updated_at","capacity") VALUES (555,6,2,'209','Available',NULL,'2026-05-14T04:25:33.848Z',4) ON CONFLICT DO NOTHING;
INSERT INTO "rooms" ("room_id","building_id","floor_number","room_number","status","note","updated_at","capacity") VALUES (556,6,2,'210','Available',NULL,'2026-05-14T04:25:33.848Z',4) ON CONFLICT DO NOTHING;
INSERT INTO "rooms" ("room_id","building_id","floor_number","room_number","status","note","updated_at","capacity") VALUES (557,6,2,'211','Available',NULL,'2026-05-14T04:25:33.848Z',4) ON CONFLICT DO NOTHING;
INSERT INTO "rooms" ("room_id","building_id","floor_number","room_number","status","note","updated_at","capacity") VALUES (558,6,2,'212','Available',NULL,'2026-05-14T04:25:33.848Z',4) ON CONFLICT DO NOTHING;
INSERT INTO "rooms" ("room_id","building_id","floor_number","room_number","status","note","updated_at","capacity") VALUES (559,6,2,'213','Available',NULL,'2026-05-14T04:25:33.848Z',4) ON CONFLICT DO NOTHING;
INSERT INTO "rooms" ("room_id","building_id","floor_number","room_number","status","note","updated_at","capacity") VALUES (560,6,2,'214','Available',NULL,'2026-05-14T04:25:33.848Z',4) ON CONFLICT DO NOTHING;
INSERT INTO "rooms" ("room_id","building_id","floor_number","room_number","status","note","updated_at","capacity") VALUES (561,6,2,'215','Available',NULL,'2026-05-14T04:25:33.849Z',4) ON CONFLICT DO NOTHING;
INSERT INTO "rooms" ("room_id","building_id","floor_number","room_number","status","note","updated_at","capacity") VALUES (562,6,2,'216','Available',NULL,'2026-05-14T04:25:33.849Z',4) ON CONFLICT DO NOTHING;
INSERT INTO "rooms" ("room_id","building_id","floor_number","room_number","status","note","updated_at","capacity") VALUES (563,6,2,'217','Available',NULL,'2026-05-14T04:25:33.849Z',4) ON CONFLICT DO NOTHING;
INSERT INTO "rooms" ("room_id","building_id","floor_number","room_number","status","note","updated_at","capacity") VALUES (564,6,2,'218','Available',NULL,'2026-05-14T04:25:33.849Z',4) ON CONFLICT DO NOTHING;
INSERT INTO "rooms" ("room_id","building_id","floor_number","room_number","status","note","updated_at","capacity") VALUES (565,6,2,'219','Available',NULL,'2026-05-14T04:25:33.849Z',4) ON CONFLICT DO NOTHING;
INSERT INTO "rooms" ("room_id","building_id","floor_number","room_number","status","note","updated_at","capacity") VALUES (566,6,2,'220','Available',NULL,'2026-05-14T04:25:33.849Z',4) ON CONFLICT DO NOTHING;
INSERT INTO "rooms" ("room_id","building_id","floor_number","room_number","status","note","updated_at","capacity") VALUES (567,6,2,'221','Available',NULL,'2026-05-14T04:25:33.849Z',4) ON CONFLICT DO NOTHING;
INSERT INTO "rooms" ("room_id","building_id","floor_number","room_number","status","note","updated_at","capacity") VALUES (568,6,3,'301','Available',NULL,'2026-05-14T04:25:33.850Z',4) ON CONFLICT DO NOTHING;
INSERT INTO "rooms" ("room_id","building_id","floor_number","room_number","status","note","updated_at","capacity") VALUES (569,6,3,'302','Available',NULL,'2026-05-14T04:25:33.850Z',4) ON CONFLICT DO NOTHING;
INSERT INTO "rooms" ("room_id","building_id","floor_number","room_number","status","note","updated_at","capacity") VALUES (570,6,3,'303','Available',NULL,'2026-05-14T04:25:33.850Z',4) ON CONFLICT DO NOTHING;
INSERT INTO "rooms" ("room_id","building_id","floor_number","room_number","status","note","updated_at","capacity") VALUES (571,6,3,'304','Available',NULL,'2026-05-14T04:25:33.850Z',4) ON CONFLICT DO NOTHING;
INSERT INTO "rooms" ("room_id","building_id","floor_number","room_number","status","note","updated_at","capacity") VALUES (572,6,3,'305','Available',NULL,'2026-05-14T04:25:33.850Z',4) ON CONFLICT DO NOTHING;
INSERT INTO "rooms" ("room_id","building_id","floor_number","room_number","status","note","updated_at","capacity") VALUES (573,6,3,'306','Available',NULL,'2026-05-14T04:25:33.850Z',4) ON CONFLICT DO NOTHING;
INSERT INTO "rooms" ("room_id","building_id","floor_number","room_number","status","note","updated_at","capacity") VALUES (574,6,3,'307','Available',NULL,'2026-05-14T04:25:33.851Z',4) ON CONFLICT DO NOTHING;
INSERT INTO "rooms" ("room_id","building_id","floor_number","room_number","status","note","updated_at","capacity") VALUES (575,6,3,'308','Available',NULL,'2026-05-14T04:25:33.851Z',4) ON CONFLICT DO NOTHING;
INSERT INTO "rooms" ("room_id","building_id","floor_number","room_number","status","note","updated_at","capacity") VALUES (576,6,3,'309','Available',NULL,'2026-05-14T04:25:33.851Z',4) ON CONFLICT DO NOTHING;
INSERT INTO "rooms" ("room_id","building_id","floor_number","room_number","status","note","updated_at","capacity") VALUES (577,6,3,'310','Available',NULL,'2026-05-14T04:25:33.851Z',4) ON CONFLICT DO NOTHING;
INSERT INTO "rooms" ("room_id","building_id","floor_number","room_number","status","note","updated_at","capacity") VALUES (578,6,3,'311','Available',NULL,'2026-05-14T04:25:33.851Z',4) ON CONFLICT DO NOTHING;
INSERT INTO "rooms" ("room_id","building_id","floor_number","room_number","status","note","updated_at","capacity") VALUES (579,6,3,'312','Available',NULL,'2026-05-14T04:25:33.851Z',4) ON CONFLICT DO NOTHING;
INSERT INTO "rooms" ("room_id","building_id","floor_number","room_number","status","note","updated_at","capacity") VALUES (580,6,3,'313','Available',NULL,'2026-05-14T04:25:33.852Z',4) ON CONFLICT DO NOTHING;
INSERT INTO "rooms" ("room_id","building_id","floor_number","room_number","status","note","updated_at","capacity") VALUES (581,6,3,'314','Available',NULL,'2026-05-14T04:25:33.852Z',4) ON CONFLICT DO NOTHING;
INSERT INTO "rooms" ("room_id","building_id","floor_number","room_number","status","note","updated_at","capacity") VALUES (582,6,3,'315','Available',NULL,'2026-05-14T04:25:33.852Z',4) ON CONFLICT DO NOTHING;
INSERT INTO "rooms" ("room_id","building_id","floor_number","room_number","status","note","updated_at","capacity") VALUES (583,6,3,'316','Available',NULL,'2026-05-14T04:25:33.852Z',4) ON CONFLICT DO NOTHING;
INSERT INTO "rooms" ("room_id","building_id","floor_number","room_number","status","note","updated_at","capacity") VALUES (584,6,3,'317','Available',NULL,'2026-05-14T04:25:33.852Z',4) ON CONFLICT DO NOTHING;
INSERT INTO "rooms" ("room_id","building_id","floor_number","room_number","status","note","updated_at","capacity") VALUES (585,6,3,'318','Available',NULL,'2026-05-14T04:25:33.852Z',4) ON CONFLICT DO NOTHING;
INSERT INTO "rooms" ("room_id","building_id","floor_number","room_number","status","note","updated_at","capacity") VALUES (586,6,3,'319','Available',NULL,'2026-05-14T04:25:33.852Z',4) ON CONFLICT DO NOTHING;
INSERT INTO "rooms" ("room_id","building_id","floor_number","room_number","status","note","updated_at","capacity") VALUES (587,6,3,'320','Available',NULL,'2026-05-14T04:25:33.853Z',4) ON CONFLICT DO NOTHING;
INSERT INTO "rooms" ("room_id","building_id","floor_number","room_number","status","note","updated_at","capacity") VALUES (588,6,3,'321','Available',NULL,'2026-05-14T04:25:33.853Z',4) ON CONFLICT DO NOTHING;
INSERT INTO "rooms" ("room_id","building_id","floor_number","room_number","status","note","updated_at","capacity") VALUES (589,6,4,'401','Available',NULL,'2026-05-14T04:25:33.853Z',4) ON CONFLICT DO NOTHING;
INSERT INTO "rooms" ("room_id","building_id","floor_number","room_number","status","note","updated_at","capacity") VALUES (590,6,4,'402','Available',NULL,'2026-05-14T04:25:33.854Z',4) ON CONFLICT DO NOTHING;
INSERT INTO "rooms" ("room_id","building_id","floor_number","room_number","status","note","updated_at","capacity") VALUES (591,6,4,'403','Available',NULL,'2026-05-14T04:25:33.854Z',4) ON CONFLICT DO NOTHING;
INSERT INTO "rooms" ("room_id","building_id","floor_number","room_number","status","note","updated_at","capacity") VALUES (592,6,4,'404','Available',NULL,'2026-05-14T04:25:33.854Z',4) ON CONFLICT DO NOTHING;
INSERT INTO "rooms" ("room_id","building_id","floor_number","room_number","status","note","updated_at","capacity") VALUES (593,6,4,'405','Available',NULL,'2026-05-14T04:25:33.855Z',4) ON CONFLICT DO NOTHING;
INSERT INTO "rooms" ("room_id","building_id","floor_number","room_number","status","note","updated_at","capacity") VALUES (594,6,4,'406','Available',NULL,'2026-05-14T04:25:33.855Z',4) ON CONFLICT DO NOTHING;
INSERT INTO "rooms" ("room_id","building_id","floor_number","room_number","status","note","updated_at","capacity") VALUES (595,6,4,'407','Available',NULL,'2026-05-14T04:25:33.855Z',4) ON CONFLICT DO NOTHING;
INSERT INTO "rooms" ("room_id","building_id","floor_number","room_number","status","note","updated_at","capacity") VALUES (596,6,4,'408','Available',NULL,'2026-05-14T04:25:33.855Z',4) ON CONFLICT DO NOTHING;
INSERT INTO "rooms" ("room_id","building_id","floor_number","room_number","status","note","updated_at","capacity") VALUES (597,6,4,'409','Available',NULL,'2026-05-14T04:25:33.855Z',4) ON CONFLICT DO NOTHING;
INSERT INTO "rooms" ("room_id","building_id","floor_number","room_number","status","note","updated_at","capacity") VALUES (598,6,4,'410','Available',NULL,'2026-05-14T04:25:33.855Z',4) ON CONFLICT DO NOTHING;
INSERT INTO "rooms" ("room_id","building_id","floor_number","room_number","status","note","updated_at","capacity") VALUES (599,6,4,'411','Available',NULL,'2026-05-14T04:25:33.856Z',4) ON CONFLICT DO NOTHING;
INSERT INTO "rooms" ("room_id","building_id","floor_number","room_number","status","note","updated_at","capacity") VALUES (600,6,4,'412','Available',NULL,'2026-05-14T04:25:33.856Z',4) ON CONFLICT DO NOTHING;
INSERT INTO "rooms" ("room_id","building_id","floor_number","room_number","status","note","updated_at","capacity") VALUES (601,6,4,'413','Available',NULL,'2026-05-14T04:25:33.856Z',4) ON CONFLICT DO NOTHING;
INSERT INTO "rooms" ("room_id","building_id","floor_number","room_number","status","note","updated_at","capacity") VALUES (602,6,4,'414','Available',NULL,'2026-05-14T04:25:33.856Z',4) ON CONFLICT DO NOTHING;
INSERT INTO "rooms" ("room_id","building_id","floor_number","room_number","status","note","updated_at","capacity") VALUES (603,6,4,'415','Available',NULL,'2026-05-14T04:25:33.856Z',4) ON CONFLICT DO NOTHING;
INSERT INTO "rooms" ("room_id","building_id","floor_number","room_number","status","note","updated_at","capacity") VALUES (604,6,4,'416','Available',NULL,'2026-05-14T04:25:33.856Z',4) ON CONFLICT DO NOTHING;
INSERT INTO "rooms" ("room_id","building_id","floor_number","room_number","status","note","updated_at","capacity") VALUES (605,6,4,'417','Available',NULL,'2026-05-14T04:25:33.857Z',4) ON CONFLICT DO NOTHING;
INSERT INTO "rooms" ("room_id","building_id","floor_number","room_number","status","note","updated_at","capacity") VALUES (606,6,4,'418','Available',NULL,'2026-05-14T04:25:33.857Z',4) ON CONFLICT DO NOTHING;
INSERT INTO "rooms" ("room_id","building_id","floor_number","room_number","status","note","updated_at","capacity") VALUES (607,6,4,'419','Available',NULL,'2026-05-14T04:25:33.857Z',4) ON CONFLICT DO NOTHING;
INSERT INTO "rooms" ("room_id","building_id","floor_number","room_number","status","note","updated_at","capacity") VALUES (608,6,4,'420','Available',NULL,'2026-05-14T04:25:33.857Z',4) ON CONFLICT DO NOTHING;
INSERT INTO "rooms" ("room_id","building_id","floor_number","room_number","status","note","updated_at","capacity") VALUES (609,6,4,'421','Available',NULL,'2026-05-14T04:25:33.857Z',4) ON CONFLICT DO NOTHING;
INSERT INTO "rooms" ("room_id","building_id","floor_number","room_number","status","note","updated_at","capacity") VALUES (610,6,5,'501','Available',NULL,'2026-05-14T04:25:33.857Z',4) ON CONFLICT DO NOTHING;
INSERT INTO "rooms" ("room_id","building_id","floor_number","room_number","status","note","updated_at","capacity") VALUES (611,6,5,'502','Available',NULL,'2026-05-14T04:25:33.857Z',4) ON CONFLICT DO NOTHING;
INSERT INTO "rooms" ("room_id","building_id","floor_number","room_number","status","note","updated_at","capacity") VALUES (612,6,5,'503','Available',NULL,'2026-05-14T04:25:33.858Z',4) ON CONFLICT DO NOTHING;
INSERT INTO "rooms" ("room_id","building_id","floor_number","room_number","status","note","updated_at","capacity") VALUES (613,6,5,'504','Available',NULL,'2026-05-14T04:25:33.858Z',4) ON CONFLICT DO NOTHING;
INSERT INTO "rooms" ("room_id","building_id","floor_number","room_number","status","note","updated_at","capacity") VALUES (614,6,5,'505','Available',NULL,'2026-05-14T04:25:33.858Z',4) ON CONFLICT DO NOTHING;
INSERT INTO "rooms" ("room_id","building_id","floor_number","room_number","status","note","updated_at","capacity") VALUES (615,6,5,'506','Available',NULL,'2026-05-14T04:25:33.858Z',4) ON CONFLICT DO NOTHING;
INSERT INTO "rooms" ("room_id","building_id","floor_number","room_number","status","note","updated_at","capacity") VALUES (616,6,5,'507','Available',NULL,'2026-05-14T04:25:33.858Z',4) ON CONFLICT DO NOTHING;
INSERT INTO "rooms" ("room_id","building_id","floor_number","room_number","status","note","updated_at","capacity") VALUES (617,6,5,'508','Available',NULL,'2026-05-14T04:25:33.858Z',4) ON CONFLICT DO NOTHING;
INSERT INTO "rooms" ("room_id","building_id","floor_number","room_number","status","note","updated_at","capacity") VALUES (618,6,5,'509','Available',NULL,'2026-05-14T04:25:33.859Z',4) ON CONFLICT DO NOTHING;
INSERT INTO "rooms" ("room_id","building_id","floor_number","room_number","status","note","updated_at","capacity") VALUES (619,6,5,'510','Available',NULL,'2026-05-14T04:25:33.859Z',4) ON CONFLICT DO NOTHING;
INSERT INTO "rooms" ("room_id","building_id","floor_number","room_number","status","note","updated_at","capacity") VALUES (620,6,5,'511','Available',NULL,'2026-05-14T04:25:33.859Z',4) ON CONFLICT DO NOTHING;
INSERT INTO "rooms" ("room_id","building_id","floor_number","room_number","status","note","updated_at","capacity") VALUES (621,6,5,'512','Available',NULL,'2026-05-14T04:25:33.859Z',4) ON CONFLICT DO NOTHING;
INSERT INTO "rooms" ("room_id","building_id","floor_number","room_number","status","note","updated_at","capacity") VALUES (622,6,5,'513','Available',NULL,'2026-05-14T04:25:33.859Z',4) ON CONFLICT DO NOTHING;
INSERT INTO "rooms" ("room_id","building_id","floor_number","room_number","status","note","updated_at","capacity") VALUES (623,6,5,'514','Available',NULL,'2026-05-14T04:25:33.859Z',4) ON CONFLICT DO NOTHING;
INSERT INTO "rooms" ("room_id","building_id","floor_number","room_number","status","note","updated_at","capacity") VALUES (624,6,5,'515','Available',NULL,'2026-05-14T04:25:33.860Z',4) ON CONFLICT DO NOTHING;
INSERT INTO "rooms" ("room_id","building_id","floor_number","room_number","status","note","updated_at","capacity") VALUES (625,6,5,'516','Available',NULL,'2026-05-14T04:25:33.860Z',4) ON CONFLICT DO NOTHING;
INSERT INTO "rooms" ("room_id","building_id","floor_number","room_number","status","note","updated_at","capacity") VALUES (626,6,5,'517','Available',NULL,'2026-05-14T04:25:33.860Z',4) ON CONFLICT DO NOTHING;
INSERT INTO "rooms" ("room_id","building_id","floor_number","room_number","status","note","updated_at","capacity") VALUES (627,6,5,'518','Available',NULL,'2026-05-14T04:25:33.860Z',4) ON CONFLICT DO NOTHING;
INSERT INTO "rooms" ("room_id","building_id","floor_number","room_number","status","note","updated_at","capacity") VALUES (628,6,5,'519','Available',NULL,'2026-05-14T04:25:33.860Z',4) ON CONFLICT DO NOTHING;
INSERT INTO "rooms" ("room_id","building_id","floor_number","room_number","status","note","updated_at","capacity") VALUES (629,6,5,'520','Available',NULL,'2026-05-14T04:25:33.860Z',4) ON CONFLICT DO NOTHING;
INSERT INTO "rooms" ("room_id","building_id","floor_number","room_number","status","note","updated_at","capacity") VALUES (630,6,5,'521','Available',NULL,'2026-05-14T04:25:33.860Z',4) ON CONFLICT DO NOTHING;
INSERT INTO "rooms" ("room_id","building_id","floor_number","room_number","status","note","updated_at","capacity") VALUES (631,6,6,'601','Available',NULL,'2026-05-14T04:25:33.861Z',4) ON CONFLICT DO NOTHING;
INSERT INTO "rooms" ("room_id","building_id","floor_number","room_number","status","note","updated_at","capacity") VALUES (632,6,6,'602','Available',NULL,'2026-05-14T04:25:33.861Z',4) ON CONFLICT DO NOTHING;
INSERT INTO "rooms" ("room_id","building_id","floor_number","room_number","status","note","updated_at","capacity") VALUES (633,6,6,'603','Available',NULL,'2026-05-14T04:25:33.864Z',4) ON CONFLICT DO NOTHING;
INSERT INTO "rooms" ("room_id","building_id","floor_number","room_number","status","note","updated_at","capacity") VALUES (634,6,6,'604','Available',NULL,'2026-05-14T04:25:33.864Z',4) ON CONFLICT DO NOTHING;
INSERT INTO "rooms" ("room_id","building_id","floor_number","room_number","status","note","updated_at","capacity") VALUES (635,6,6,'605','Available',NULL,'2026-05-14T04:25:33.864Z',4) ON CONFLICT DO NOTHING;
INSERT INTO "rooms" ("room_id","building_id","floor_number","room_number","status","note","updated_at","capacity") VALUES (636,6,6,'606','Available',NULL,'2026-05-14T04:25:33.864Z',4) ON CONFLICT DO NOTHING;
INSERT INTO "rooms" ("room_id","building_id","floor_number","room_number","status","note","updated_at","capacity") VALUES (637,6,6,'607','Available',NULL,'2026-05-14T04:25:33.865Z',4) ON CONFLICT DO NOTHING;
INSERT INTO "rooms" ("room_id","building_id","floor_number","room_number","status","note","updated_at","capacity") VALUES (638,6,6,'608','Available',NULL,'2026-05-14T04:25:33.865Z',4) ON CONFLICT DO NOTHING;
INSERT INTO "rooms" ("room_id","building_id","floor_number","room_number","status","note","updated_at","capacity") VALUES (639,6,6,'609','Available',NULL,'2026-05-14T04:25:33.865Z',4) ON CONFLICT DO NOTHING;
INSERT INTO "rooms" ("room_id","building_id","floor_number","room_number","status","note","updated_at","capacity") VALUES (640,6,6,'610','Available',NULL,'2026-05-14T04:25:33.865Z',4) ON CONFLICT DO NOTHING;
INSERT INTO "rooms" ("room_id","building_id","floor_number","room_number","status","note","updated_at","capacity") VALUES (641,6,6,'611','Available',NULL,'2026-05-14T04:25:33.865Z',4) ON CONFLICT DO NOTHING;
INSERT INTO "rooms" ("room_id","building_id","floor_number","room_number","status","note","updated_at","capacity") VALUES (642,6,6,'612','Available',NULL,'2026-05-14T04:25:33.865Z',4) ON CONFLICT DO NOTHING;
INSERT INTO "rooms" ("room_id","building_id","floor_number","room_number","status","note","updated_at","capacity") VALUES (643,6,6,'613','Available',NULL,'2026-05-14T04:25:33.865Z',4) ON CONFLICT DO NOTHING;
INSERT INTO "rooms" ("room_id","building_id","floor_number","room_number","status","note","updated_at","capacity") VALUES (644,6,6,'614','Available',NULL,'2026-05-14T04:25:33.866Z',4) ON CONFLICT DO NOTHING;
INSERT INTO "rooms" ("room_id","building_id","floor_number","room_number","status","note","updated_at","capacity") VALUES (645,6,6,'615','Available',NULL,'2026-05-14T04:25:33.866Z',4) ON CONFLICT DO NOTHING;
INSERT INTO "rooms" ("room_id","building_id","floor_number","room_number","status","note","updated_at","capacity") VALUES (646,6,6,'616','Available',NULL,'2026-05-14T04:25:33.866Z',4) ON CONFLICT DO NOTHING;
INSERT INTO "rooms" ("room_id","building_id","floor_number","room_number","status","note","updated_at","capacity") VALUES (647,6,6,'617','Available',NULL,'2026-05-14T04:25:33.866Z',4) ON CONFLICT DO NOTHING;
INSERT INTO "rooms" ("room_id","building_id","floor_number","room_number","status","note","updated_at","capacity") VALUES (648,6,6,'618','Available',NULL,'2026-05-14T04:25:33.866Z',4) ON CONFLICT DO NOTHING;
INSERT INTO "rooms" ("room_id","building_id","floor_number","room_number","status","note","updated_at","capacity") VALUES (649,6,6,'619','Available',NULL,'2026-05-14T04:25:33.866Z',4) ON CONFLICT DO NOTHING;
INSERT INTO "rooms" ("room_id","building_id","floor_number","room_number","status","note","updated_at","capacity") VALUES (650,6,6,'620','Available',NULL,'2026-05-14T04:25:33.866Z',4) ON CONFLICT DO NOTHING;
INSERT INTO "rooms" ("room_id","building_id","floor_number","room_number","status","note","updated_at","capacity") VALUES (651,6,6,'621','Available',NULL,'2026-05-14T04:25:33.866Z',4) ON CONFLICT DO NOTHING;
-- (651 rows)

-- ===== AUDIT_LOG =====
INSERT INTO "audit_log" ("audit_id","company_id","user_id","action","entity_type","entity_id","before_data","after_data","created_at") VALUES (1,NULL,7,'DELETE','EMPLOYEE',41,NULL,'{"id":"41"}','2026-02-20T14:57:39.231Z') ON CONFLICT DO NOTHING;
INSERT INTO "audit_log" ("audit_id","company_id","user_id","action","entity_type","entity_id","before_data","after_data","created_at") VALUES (2,1,10,'DELETE','EMPLOYEE',82,NULL,NULL,'2026-05-11T03:39:54.536Z') ON CONFLICT DO NOTHING;
INSERT INTO "audit_log" ("audit_id","company_id","user_id","action","entity_type","entity_id","before_data","after_data","created_at") VALUES (3,1,10,'DELETE','EMPLOYEE',76,NULL,NULL,'2026-05-11T03:39:58.598Z') ON CONFLICT DO NOTHING;
INSERT INTO "audit_log" ("audit_id","company_id","user_id","action","entity_type","entity_id","before_data","after_data","created_at") VALUES (4,1,10,'DELETE','EMPLOYEE',51,NULL,NULL,'2026-05-11T03:40:01.895Z') ON CONFLICT DO NOTHING;
INSERT INTO "audit_log" ("audit_id","company_id","user_id","action","entity_type","entity_id","before_data","after_data","created_at") VALUES (5,NULL,9,'DELETE','EMPLOYEE',81,NULL,NULL,'2026-05-18T09:07:31.128Z') ON CONFLICT DO NOTHING;
INSERT INTO "audit_log" ("audit_id","company_id","user_id","action","entity_type","entity_id","before_data","after_data","created_at") VALUES (6,NULL,9,'DELETE','EMPLOYEE',83,NULL,NULL,'2026-05-18T09:07:32.295Z') ON CONFLICT DO NOTHING;
INSERT INTO "audit_log" ("audit_id","company_id","user_id","action","entity_type","entity_id","before_data","after_data","created_at") VALUES (7,NULL,9,'DELETE','EMPLOYEE',80,NULL,NULL,'2026-05-18T09:14:13.269Z') ON CONFLICT DO NOTHING;
INSERT INTO "audit_log" ("audit_id","company_id","user_id","action","entity_type","entity_id","before_data","after_data","created_at") VALUES (8,NULL,9,'UPDATE','EMPLOYEE',52,NULL,NULL,'2026-05-19T14:52:49.889Z') ON CONFLICT DO NOTHING;
INSERT INTO "audit_log" ("audit_id","company_id","user_id","action","entity_type","entity_id","before_data","after_data","created_at") VALUES (9,NULL,9,'UPDATE','EMPLOYEE',79,NULL,NULL,'2026-05-19T14:53:05.589Z') ON CONFLICT DO NOTHING;
-- (9 rows)

-- ===== NOTIFICATIONS =====
INSERT INTO "notifications" ("id","from_user_id","message","entity_type","entity_id","is_read","created_at","to_user_id","is_read_by_target") VALUES (1,10,'Company Admin ໄດ້ແກ້ໄຂຂໍ້ມູນພະນັກງານ: Vilay Douangdala (EMP007)','employee',69,TRUE,'2026-05-08T14:29:04.537Z',NULL,FALSE) ON CONFLICT DO NOTHING;
INSERT INTO "notifications" ("id","from_user_id","message","entity_type","entity_id","is_read","created_at","to_user_id","is_read_by_target") VALUES (2,10,'Company Admin ໄດ້ແກ້ໄຂຂໍ້ມູນພະນັກງານ: Lattana Phanthalath (DC200)','employee',93,TRUE,'2026-05-08T14:54:56.044Z',NULL,FALSE) ON CONFLICT DO NOTHING;
INSERT INTO "notifications" ("id","from_user_id","message","entity_type","entity_id","is_read","created_at","to_user_id","is_read_by_target") VALUES (3,11,'ັAliong ໄດ້ແກ້ໄຂຂໍ້ມູນພະນັກງານ: Anousone Keodara (S589)','employee',132,TRUE,'2026-05-10T07:39:31.177Z',NULL,FALSE) ON CONFLICT DO NOTHING;
INSERT INTO "notifications" ("id","from_user_id","message","entity_type","entity_id","is_read","created_at","to_user_id","is_read_by_target") VALUES (4,10,'Company Admin ຂໍອະນຸຍາດລຶບຂໍ້ມູນພະນັກງານ: Lattana Phanthalath (UDM037)','employee',83,TRUE,'2026-05-18T09:06:40.335Z',NULL,FALSE) ON CONFLICT DO NOTHING;
INSERT INTO "notifications" ("id","from_user_id","message","entity_type","entity_id","is_read","created_at","to_user_id","is_read_by_target") VALUES (5,10,'Company Admin ຂໍອະນຸຍາດລຶບຂໍ້ມູນພະນັກງານ: Lattana Phanthalath (UDM037)','employee',83,TRUE,'2026-05-18T09:06:43.277Z',NULL,FALSE) ON CONFLICT DO NOTHING;
INSERT INTO "notifications" ("id","from_user_id","message","entity_type","entity_id","is_read","created_at","to_user_id","is_read_by_target") VALUES (6,10,'Company Admin ຂໍອະນຸຍາດລຶບຂໍ້ມູນພະນັກງານ: Sengphet Sengaloun (UDM036)','employee',81,TRUE,'2026-05-18T09:06:46.849Z',NULL,FALSE) ON CONFLICT DO NOTHING;
INSERT INTO "notifications" ("id","from_user_id","message","entity_type","entity_id","is_read","created_at","to_user_id","is_read_by_target") VALUES (7,10,'Company Admin ຂໍອະນຸຍາດລຶບຂໍ້ມູນພະນັກງານ: Daovone Keovongsa (UDM034)','employee',79,TRUE,'2026-05-18T09:06:49.747Z',NULL,FALSE) ON CONFLICT DO NOTHING;
INSERT INTO "notifications" ("id","from_user_id","message","entity_type","entity_id","is_read","created_at","to_user_id","is_read_by_target") VALUES (8,9,'Super Admin ປະຕິເສດການລຶບຂໍ້ມູນ: Daovone Keovongsa (UDM034) (can''t)','employee',79,TRUE,'2026-05-18T09:07:29.641Z',NULL,FALSE) ON CONFLICT DO NOTHING;
INSERT INTO "notifications" ("id","from_user_id","message","entity_type","entity_id","is_read","created_at","to_user_id","is_read_by_target") VALUES (9,9,'Super Admin ອະນຸມັດການລຶບຂໍ້ມູນ: Sengphet Sengaloun (UDM036) ແລ້ວ','employee',81,TRUE,'2026-05-18T09:07:31.132Z',NULL,FALSE) ON CONFLICT DO NOTHING;
INSERT INTO "notifications" ("id","from_user_id","message","entity_type","entity_id","is_read","created_at","to_user_id","is_read_by_target") VALUES (10,9,'Super Admin ອະນຸມັດການລຶບຂໍ້ມູນ: Lattana Phanthalath (UDM037) ແລ້ວ','employee',83,TRUE,'2026-05-18T09:07:32.298Z',NULL,FALSE) ON CONFLICT DO NOTHING;
INSERT INTO "notifications" ("id","from_user_id","message","entity_type","entity_id","is_read","created_at","to_user_id","is_read_by_target") VALUES (11,9,'Super Admin ປະຕິເສດການລຶບຂໍ້ມູນ: Lattana Phanthalath (UDM037) (cn)','employee',83,TRUE,'2026-05-18T09:07:38.613Z',NULL,FALSE) ON CONFLICT DO NOTHING;
INSERT INTO "notifications" ("id","from_user_id","message","entity_type","entity_id","is_read","created_at","to_user_id","is_read_by_target") VALUES (12,10,'Company Admin ຂໍອະນຸຍາດລຶບຂໍ້ມູນພະນັກງານ: Daovone Keovongsa (UDM034)','employee',79,TRUE,'2026-05-18T09:13:49.037Z',NULL,FALSE) ON CONFLICT DO NOTHING;
INSERT INTO "notifications" ("id","from_user_id","message","entity_type","entity_id","is_read","created_at","to_user_id","is_read_by_target") VALUES (13,10,'Company Admin ຂໍອະນຸຍາດລຶບຂໍ້ມູນພະນັກງານ: Phimpha Vongkhamphanh (UDM035)','employee',80,TRUE,'2026-05-18T09:13:52.939Z',NULL,FALSE) ON CONFLICT DO NOTHING;
INSERT INTO "notifications" ("id","from_user_id","message","entity_type","entity_id","is_read","created_at","to_user_id","is_read_by_target") VALUES (14,9,'✅ Super Admin ອະນຸມັດການລຶບຂໍ້ມູນ: Phimpha Vongkhamphanh (UDM035) ແລ້ວ','employee',80,TRUE,'2026-05-18T09:14:13.274Z',10,TRUE) ON CONFLICT DO NOTHING;
INSERT INTO "notifications" ("id","from_user_id","message","entity_type","entity_id","is_read","created_at","to_user_id","is_read_by_target") VALUES (15,9,'❌ Super Admin ປະຕິເສດການລຶບຂໍ້ມູນ: Daovone Keovongsa (UDM034)','employee',79,TRUE,'2026-05-18T09:14:17.012Z',10,TRUE) ON CONFLICT DO NOTHING;
INSERT INTO "notifications" ("id","from_user_id","message","entity_type","entity_id","is_read","created_at","to_user_id","is_read_by_target") VALUES (16,10,'Company Admin ຂໍອະນຸຍາດແກ້ໄຂຂໍ້ມູນພະນັກງານ: Daovone Keovongsa (UDM034)','employee',79,FALSE,'2026-05-19T14:51:52.372Z',NULL,FALSE) ON CONFLICT DO NOTHING;
INSERT INTO "notifications" ("id","from_user_id","message","entity_type","entity_id","is_read","created_at","to_user_id","is_read_by_target") VALUES (17,10,'Company Admin ຂໍອະນຸຍາດແກ້ໄຂຂໍ້ມູນພະນັກງານ: James Walker (UDM029)','employee',52,FALSE,'2026-05-19T14:52:00.342Z',NULL,FALSE) ON CONFLICT DO NOTHING;
INSERT INTO "notifications" ("id","from_user_id","message","entity_type","entity_id","is_read","created_at","to_user_id","is_read_by_target") VALUES (18,9,'✅ Super Admin ອະນຸມັດການແກ້ໄຂຂໍ້ມູນ: James Walker (UDM029) ແລ້ວ','employee',52,FALSE,'2026-05-19T14:52:49.895Z',10,FALSE) ON CONFLICT DO NOTHING;
INSERT INTO "notifications" ("id","from_user_id","message","entity_type","entity_id","is_read","created_at","to_user_id","is_read_by_target") VALUES (19,9,'✅ Super Admin ອະນຸມັດການແກ້ໄຂຂໍ້ມູນ: Daovone Keovongsa (UDM034) ແລ້ວ','employee',79,FALSE,'2026-05-19T14:53:05.592Z',10,FALSE) ON CONFLICT DO NOTHING;
-- (19 rows)

-- ===== APPROVAL_REQUESTS =====
INSERT INTO "approval_requests" ("id","request_type","entity_type","entity_id","entity_name","requested_by","requested_by_name","old_data","new_data","status","reviewed_by","reviewed_at","reject_reason","created_at") VALUES (1,'delete','employee','83','Lattana Phanthalath (UDM037)',10,'Company Admin','{"email":"lattana.phanthalath@udm.com","notes":"ຈ່ອງໃຈ ແລະ ຕັ້ງໃຈ","photo":null,"gender":"Female","status":"Active","room_id":null,"room_no":null,"village":"Ban Watnak","district":"Sangthong","fullname":null,"hired_at":"2022-10-25T17:00:00.000Z","lastname":"Phanthalath","position":"Procurement Officer","province":"Phongsaly","dormitory":null,"firstname":"Lattana","company_id":1,"contact_no":"02083067958","created_at":"2026-05-08T09:19:27.804Z","deleted_at":null,"updated_at":"2026-05-15T03:48:40.204Z","employee_id":83,"nationality":"Vietnamese","resigned_at":null,"date_of_birth":"2002-05-11T17:00:00.000Z","employee_code":"UDM037","employee_type":"Part-time","companies_name":"UDM Company","office_building":null,"resigned_reason":null}','{}','rejected',9,'2026-05-18T09:07:38.612Z','cn','2026-05-18T09:06:40.323Z') ON CONFLICT DO NOTHING;
INSERT INTO "approval_requests" ("id","request_type","entity_type","entity_id","entity_name","requested_by","requested_by_name","old_data","new_data","status","reviewed_by","reviewed_at","reject_reason","created_at") VALUES (2,'delete','employee','83','Lattana Phanthalath (UDM037)',10,'Company Admin','{"email":"lattana.phanthalath@udm.com","notes":"ຈ່ອງໃຈ ແລະ ຕັ້ງໃຈ","photo":null,"gender":"Female","status":"Active","room_id":null,"room_no":null,"village":"Ban Watnak","district":"Sangthong","fullname":null,"hired_at":"2022-10-25T17:00:00.000Z","lastname":"Phanthalath","position":"Procurement Officer","province":"Phongsaly","dormitory":null,"firstname":"Lattana","company_id":1,"contact_no":"02083067958","created_at":"2026-05-08T09:19:27.804Z","deleted_at":null,"updated_at":"2026-05-15T03:48:40.204Z","employee_id":83,"nationality":"Vietnamese","resigned_at":null,"date_of_birth":"2002-05-11T17:00:00.000Z","employee_code":"UDM037","employee_type":"Part-time","companies_name":"UDM Company","office_building":null,"resigned_reason":null}','{}','approved',9,'2026-05-18T09:07:32.297Z',NULL,'2026-05-18T09:06:43.276Z') ON CONFLICT DO NOTHING;
INSERT INTO "approval_requests" ("id","request_type","entity_type","entity_id","entity_name","requested_by","requested_by_name","old_data","new_data","status","reviewed_by","reviewed_at","reject_reason","created_at") VALUES (3,'delete','employee','81','Sengphet Sengaloun (UDM036)',10,'Company Admin','{"email":"sengphet.sengaloun@udm.com","notes":"ມີປະສົບການດ້ານ HR 3 ປີ","photo":null,"gender":"Male","status":"Active","room_id":null,"room_no":null,"village":"Ban Phiavat","district":"Sangthong","fullname":null,"hired_at":"2023-12-17T17:00:00.000Z","lastname":"Sengaloun","position":"Receptionist","province":"Phongsaly","dormitory":null,"firstname":"Sengphet","company_id":1,"contact_no":"02079207656","created_at":"2026-05-08T09:19:27.800Z","deleted_at":null,"updated_at":"2026-05-15T03:48:40.203Z","employee_id":81,"nationality":"Lao","resigned_at":null,"date_of_birth":"2002-12-01T17:00:00.000Z","employee_code":"UDM036","employee_type":"Contract","companies_name":"UDM Company","office_building":null,"resigned_reason":null}','{}','approved',9,'2026-05-18T09:07:31.131Z',NULL,'2026-05-18T09:06:46.842Z') ON CONFLICT DO NOTHING;
INSERT INTO "approval_requests" ("id","request_type","entity_type","entity_id","entity_name","requested_by","requested_by_name","old_data","new_data","status","reviewed_by","reviewed_at","reject_reason","created_at") VALUES (4,'delete','employee','79','Daovone Keovongsa (UDM034)',10,'Company Admin','{"email":"daovone.keovongsa@udm.com","notes":"ຈັດການໄດ້ດີ, ເຊື່ອຖືໄດ້","photo":null,"gender":"Female","status":"Active","room_id":null,"room_no":null,"village":"Ban Phiavat","district":"Naxaithong","fullname":null,"hired_at":"2023-08-05T17:00:00.000Z","lastname":"Keovongsa","position":"Logistics Officer","province":"Xiengkhouang","dormitory":null,"firstname":"Daovone","company_id":1,"contact_no":"02055057522","created_at":"2026-05-08T09:19:27.799Z","deleted_at":null,"updated_at":"2026-05-15T03:48:40.203Z","employee_id":79,"nationality":"Vietnamese","resigned_at":null,"date_of_birth":"2002-08-10T17:00:00.000Z","employee_code":"UDM034","employee_type":"Full-time","companies_name":"UDM Company","office_building":null,"resigned_reason":null}','{}','rejected',9,'2026-05-18T09:07:29.638Z','can''t','2026-05-18T09:06:49.746Z') ON CONFLICT DO NOTHING;
INSERT INTO "approval_requests" ("id","request_type","entity_type","entity_id","entity_name","requested_by","requested_by_name","old_data","new_data","status","reviewed_by","reviewed_at","reject_reason","created_at") VALUES (5,'delete','employee','79','Daovone Keovongsa (UDM034)',10,'Company Admin','{"email":"daovone.keovongsa@udm.com","notes":"ຈັດການໄດ້ດີ, ເຊື່ອຖືໄດ້","photo":null,"gender":"Female","status":"Active","room_id":null,"room_no":null,"village":"Ban Phiavat","district":"Naxaithong","fullname":null,"hired_at":"2023-08-05T17:00:00.000Z","lastname":"Keovongsa","position":"Logistics Officer","province":"Xiengkhouang","dormitory":null,"firstname":"Daovone","company_id":1,"contact_no":"02055057522","created_at":"2026-05-08T09:19:27.799Z","deleted_at":null,"updated_at":"2026-05-15T03:48:40.203Z","employee_id":79,"nationality":"Vietnamese","resigned_at":null,"date_of_birth":"2002-08-10T17:00:00.000Z","employee_code":"UDM034","employee_type":"Full-time","companies_name":"UDM Company","office_building":null,"resigned_reason":null}','{}','rejected',9,'2026-05-18T09:14:17.011Z',NULL,'2026-05-18T09:13:49.028Z') ON CONFLICT DO NOTHING;
INSERT INTO "approval_requests" ("id","request_type","entity_type","entity_id","entity_name","requested_by","requested_by_name","old_data","new_data","status","reviewed_by","reviewed_at","reject_reason","created_at") VALUES (6,'delete','employee','80','Phimpha Vongkhamphanh (UDM035)',10,'Company Admin','{"email":"phimpha.vongkhamphanh@udm.com","notes":"ມີທັກສະດ້ານ IT ດີ","photo":null,"gender":"Female","status":"Active","room_id":null,"room_no":null,"village":"Ban Dongpalane","district":"Sangthong","fullname":null,"hired_at":"2018-02-02T17:00:00.000Z","lastname":"Vongkhamphanh","position":"Legal Officer","province":"Saravane","dormitory":null,"firstname":"Phimpha","company_id":1,"contact_no":"02087465876","created_at":"2026-05-08T09:19:27.799Z","deleted_at":null,"updated_at":"2026-05-15T03:48:40.203Z","employee_id":80,"nationality":"Vietnamese","resigned_at":null,"date_of_birth":"2001-01-07T17:00:00.000Z","employee_code":"UDM035","employee_type":"Full-time","companies_name":"UDM Company","office_building":null,"resigned_reason":null}','{}','approved',9,'2026-05-18T09:14:13.272Z',NULL,'2026-05-18T09:13:52.938Z') ON CONFLICT DO NOTHING;
INSERT INTO "approval_requests" ("id","request_type","entity_type","entity_id","entity_name","requested_by","requested_by_name","old_data","new_data","status","reviewed_by","reviewed_at","reject_reason","created_at") VALUES (7,'edit','employee','79','Daovone Keovongsa (UDM034)',10,'Company Admin','{"email":"daovone.keovongsa@udm.com","notes":"ຈັດການໄດ້ດີ, ເຊື່ອຖືໄດ້","photo":null,"gender":"Female","status":"Active","room_id":null,"room_no":null,"village":"Ban Phiavat","district":"Naxaithong","fullname":null,"hired_at":"2023-08-05T17:00:00.000Z","lastname":"Keovongsa","position":"Logistics Officer","province":"Xiengkhouang","dormitory":null,"firstname":"Daovone","company_id":1,"contact_no":"02055057522","created_at":"2026-05-08T09:19:27.799Z","deleted_at":null,"updated_at":"2026-05-15T03:48:40.203Z","employee_id":79,"nationality":"Vietnamese","resigned_at":null,"date_of_birth":"2002-08-10T17:00:00.000Z","employee_code":"UDM034","employee_type":"Full-time","office_building":null,"resigned_reason":null}','{"email":"daovone.keovongsa@udm.com","notes":"ຈັດການໄດ້ດີ, ເຊື່ອຖືໄດ້","photo":null,"gender":"Female","status":"Resigned","room_id":null,"room_no":null,"village":"Ban Phiavat","district":"Naxaithong","hired_at":"2023-08-05","lastname":"Keovongsa","position":"Logistics Officer","province":"Xiengkhouang","dormitory":null,"firstname":"Daovone","company_id":"1","contact_no":"02055057522","nationality":"Vietnamese","date_of_birth":null,"employee_code":"UDM034","employee_type":"Full-time","office_building":null}','approved',9,'2026-05-19T14:53:05.590Z',NULL,'2026-05-19T14:51:52.361Z') ON CONFLICT DO NOTHING;
INSERT INTO "approval_requests" ("id","request_type","entity_type","entity_id","entity_name","requested_by","requested_by_name","old_data","new_data","status","reviewed_by","reviewed_at","reject_reason","created_at") VALUES (8,'edit','employee','52','James Walker (UDM029)',10,'Company Admin','{"email":"james.walker@udm.com","notes":"ມີປະສົບການດ້ານ HR 3 ປີ","photo":null,"gender":"Male","status":"Active","room_id":null,"room_no":null,"village":"Ban Thatkhao","district":"Thakhek","fullname":null,"hired_at":"2024-09-26T17:00:00.000Z","lastname":"Walker","position":"Sales Executive","province":"Xiengkhouang","dormitory":null,"firstname":"James","company_id":1,"contact_no":"02078639691","created_at":"2026-02-20T15:05:58.511Z","deleted_at":null,"updated_at":"2026-05-15T03:48:40.201Z","employee_id":52,"nationality":"Lao","resigned_at":null,"date_of_birth":"1985-11-17T17:00:00.000Z","employee_code":"UDM029","employee_type":"Full-time","office_building":null,"resigned_reason":null}','{"email":"james.walker@udm.com","notes":"ມີປະສົບການດ້ານ HR 3 ປີ","photo":null,"gender":"Male","status":"Resigned","room_id":null,"room_no":null,"village":"Ban Thatkhao","district":"Thakhek","hired_at":"2024-09-26","lastname":"Walker","position":"Sales Executive","province":"Xiengkhouang","dormitory":null,"firstname":"James","company_id":"1","contact_no":"02078639691","nationality":"Lao","date_of_birth":null,"employee_code":"UDM029","employee_type":"Full-time","office_building":null}','approved',9,'2026-05-19T14:52:49.894Z',NULL,'2026-05-19T14:52:00.337Z') ON CONFLICT DO NOTHING;
-- (8 rows)
